kind,region,ym,cat,value
업종별,서울,202401,전체,2024716
업종별,서울,202402,전체,2214611
업종별,서울,202403,전체,2670248
업종별,서울,202404,전체,4160741
업종별,서울,202405,전체,4063394
업종별,서울,202406,전체,4767632
업종별,서울,202407,전체,5098445
업종별,서울,202408,전체,5568841
업종별,서울,202409,전체,5192326
업종별,서울,202410,전체,6258781
업종별,서울,202411,전체,5429156
업종별,서울,202412,전체,7844012
업종별,서울,202501,전체,7412404
업종별,서울,202502,전체,5960262
업종별,서울,202503,전체,8837196
업종별,서울,202504,전체,10729384
업종별,서울,202505,전체,9726507
업종별,서울,202506,전체,8973092
업종별,서울,202507,전체,10589637
업종별,서울,202508,전체,10447963
업종별,서울,202509,전체,11425876
업종별,서울,202510,전체,8351144
업종별,서울,202511,전체,9093686
업종별,서울,202512,전체,8448187
업종별,서울,202601,전체,11070056
업종별,서울,202602,전체,9521087
업종별,서울,202603,전체,10324672
업종별,서울,202604,전체,9278045
업종별,서울,202605,전체,10511375
업종별,서울,202606,전체,7956519
업종별,서울,202607,전체,9028906
업종별,서울,202608,전체,13303429
업종별,서울,202401,쇼핑업,130009
업종별,서울,202401,숙박업,1231
업종별,서울,202401,식음료업,559646
업종별,서울,202401,여가서비스업,5700
업종별,서울,202401,여행업,172
업종별,서울,202401,운송업,1738
업종별,서울,202401,의료웰니스업,1326220
업종별,서울,202402,쇼핑업,176888
업종별,서울,202402,숙박업,1365
업종별,서울,202402,식음료업,679430
업종별,서울,202402,여가서비스업,11005
업종별,서울,202402,운송업,1111
업종별,서울,202402,의료웰니스업,1344811
업종별,서울,202403,쇼핑업,177437
업종별,서울,202403,숙박업,1722
업종별,서울,202403,식음료업,562626
업종별,서울,202403,여가서비스업,35767
업종별,서울,202403,여행업,485
업종별,서울,202403,운송업,10488
업종별,서울,202403,의료웰니스업,1881722
업종별,서울,202404,쇼핑업,249349
업종별,서울,202404,숙박업,3283
업종별,서울,202404,식음료업,818451
업종별,서울,202404,여가서비스업,24633
업종별,서울,202404,운송업,5545
업종별,서울,202404,의료웰니스업,3059479
업종별,서울,202405,쇼핑업,285878
업종별,서울,202405,숙박업,3871
업종별,서울,202405,식음료업,884276
업종별,서울,202405,여가서비스업,25690
업종별,서울,202405,운송업,10645
업종별,서울,202405,의료웰니스업,2853035
업종별,서울,202406,쇼핑업,237541
업종별,서울,202406,숙박업,12128
업종별,서울,202406,식음료업,950004
업종별,서울,202406,여가서비스업,27935
업종별,서울,202406,운송업,7957
업종별,서울,202406,의료웰니스업,3532067
업종별,서울,202407,쇼핑업,297188
업종별,서울,202407,숙박업,3561
업종별,서울,202407,식음료업,1161867
업종별,서울,202407,여가서비스업,16849
업종별,서울,202407,여행업,870
업종별,서울,202407,운송업,5770
업종별,서울,202407,의료웰니스업,3612340
업종별,서울,202408,쇼핑업,206643
업종별,서울,202408,숙박업,2968
업종별,서울,202408,식음료업,1168306
업종별,서울,202408,여가서비스업,17777
업종별,서울,202408,운송업,6906
업종별,서울,202408,의료웰니스업,4166242
업종별,서울,202409,쇼핑업,251943
업종별,서울,202409,숙박업,5406
업종별,서울,202409,식음료업,961973
업종별,서울,202409,여가서비스업,30787
업종별,서울,202409,여행업,372
업종별,서울,202409,운송업,10980
업종별,서울,202409,의료웰니스업,3930865
업종별,서울,202410,쇼핑업,404782
업종별,서울,202410,숙박업,3062
업종별,서울,202410,식음료업,1234067
업종별,서울,202410,여가서비스업,31608
업종별,서울,202410,운송업,8533
업종별,서울,202410,의료웰니스업,4576730
업종별,서울,202411,쇼핑업,272815
업종별,서울,202411,숙박업,3231
업종별,서울,202411,식음료업,883023
업종별,서울,202411,여가서비스업,22068
업종별,서울,202411,여행업,150
업종별,서울,202411,운송업,7233
업종별,서울,202411,의료웰니스업,4240636
업종별,서울,202412,쇼핑업,319863
업종별,서울,202412,숙박업,4195
업종별,서울,202412,식음료업,1117765
업종별,서울,202412,여가서비스업,22355
업종별,서울,202412,여행업,120
업종별,서울,202412,운송업,16358
업종별,서울,202412,의료웰니스업,6363356
업종별,서울,202501,쇼핑업,235595
업종별,서울,202501,숙박업,2887
업종별,서울,202501,식음료업,1100594
업종별,서울,202501,여가서비스업,19740
업종별,서울,202501,운송업,9161
업종별,서울,202501,의료웰니스업,6044427
업종별,서울,202502,쇼핑업,231129
업종별,서울,202502,숙박업,3294
업종별,서울,202502,식음료업,849483
업종별,서울,202502,여가서비스업,19813
업종별,서울,202502,운송업,8028
업종별,서울,202502,의료웰니스업,4848515
업종별,서울,202503,쇼핑업,325981
업종별,서울,202503,숙박업,4211
업종별,서울,202503,식음료업,1241291
업종별,서울,202503,여가서비스업,48314
업종별,서울,202503,여행업,150
업종별,서울,202503,운송업,15651
업종별,서울,202503,의료웰니스업,7201598
업종별,서울,202504,쇼핑업,409577
업종별,서울,202504,숙박업,8443
업종별,서울,202504,식음료업,1564041
업종별,서울,202504,여가서비스업,27591
업종별,서울,202504,운송업,12977
업종별,서울,202504,의료웰니스업,8706755
업종별,서울,202505,쇼핑업,354603
업종별,서울,202505,숙박업,2915
업종별,서울,202505,식음료업,1592775
업종별,서울,202505,여가서비스업,30309
업종별,서울,202505,운송업,10959
업종별,서울,202505,의료웰니스업,7734947
업종별,서울,202506,쇼핑업,417310
업종별,서울,202506,숙박업,2619
업종별,서울,202506,식음료업,1583393
업종별,서울,202506,여가서비스업,29357
업종별,서울,202506,여행업,605
업종별,서울,202506,운송업,11295
업종별,서울,202506,의료웰니스업,6928513
업종별,서울,202507,쇼핑업,456189
업종별,서울,202507,숙박업,4224
업종별,서울,202507,식음료업,2162701
업종별,서울,202507,여가서비스업,22870
업종별,서울,202507,여행업,5731
업종별,서울,202507,운송업,16040
업종별,서울,202507,의료웰니스업,7921883
업종별,서울,202508,쇼핑업,433536
업종별,서울,202508,숙박업,2874
업종별,서울,202508,식음료업,2115669
업종별,서울,202508,여가서비스업,26025
업종별,서울,202508,여행업,4754
업종별,서울,202508,운송업,21015
업종별,서울,202508,의료웰니스업,7844090
업종별,서울,202509,쇼핑업,925235
업종별,서울,202509,숙박업,2576
업종별,서울,202509,식음료업,1774925
업종별,서울,202509,여가서비스업,60676
업종별,서울,202509,여행업,2177
업종별,서울,202509,운송업,17607
업종별,서울,202509,의료웰니스업,8642679
업종별,서울,202510,쇼핑업,633592
업종별,서울,202510,숙박업,6703
업종별,서울,202510,식음료업,1869319
업종별,서울,202510,여가서비스업,49463
업종별,서울,202510,여행업,1334
업종별,서울,202510,운송업,14011
업종별,서울,202510,의료웰니스업,5776722
업종별,서울,202511,쇼핑업,365724
업종별,서울,202511,숙박업,5439
업종별,서울,202511,식음료업,1640654
업종별,서울,202511,여가서비스업,36783
업종별,서울,202511,여행업,36
업종별,서울,202511,운송업,23043
업종별,서울,202511,의료웰니스업,7022009
업종별,서울,202512,쇼핑업,499537
업종별,서울,202512,숙박업,4055
업종별,서울,202512,식음료업,2338073
업종별,서울,202512,여가서비스업,42314
업종별,서울,202512,여행업,84651
업종별,서울,202512,운송업,39795
업종별,서울,202512,의료웰니스업,5439762
업종별,서울,202601,쇼핑업,442917
업종별,서울,202601,숙박업,4881
업종별,서울,202601,식음료업,2392652
업종별,서울,202601,여가서비스업,42273
업종별,서울,202601,여행업,46574
업종별,서울,202601,운송업,43507
업종별,서울,202601,의료웰니스업,8097252
업종별,서울,202602,쇼핑업,530039
업종별,서울,202602,숙박업,6798
업종별,서울,202602,식음료업,2458679
업종별,서울,202602,여가서비스업,40813
업종별,서울,202602,여행업,69229
업종별,서울,202602,운송업,23726
업종별,서울,202602,의료웰니스업,6391802
업종별,서울,202603,쇼핑업,609793
업종별,서울,202603,숙박업,10271
업종별,서울,202603,식음료업,1915007
업종별,서울,202603,여가서비스업,117632
업종별,서울,202603,여행업,1937
업종별,서울,202603,운송업,30539
업종별,서울,202603,의료웰니스업,7639493
업종별,서울,202604,쇼핑업,618746
업종별,서울,202604,숙박업,8971
업종별,서울,202604,식음료업,2483455
업종별,서울,202604,여가서비스업,89583
업종별,서울,202604,여행업,3857
업종별,서울,202604,운송업,46187
업종별,서울,202604,의료웰니스업,6027245
업종별,서울,202605,쇼핑업,765380
업종별,서울,202605,숙박업,8361
업종별,서울,202605,식음료업,2782714
업종별,서울,202605,여가서비스업,92051
업종별,서울,202605,여행업,322
업종별,서울,202605,운송업,45654
업종별,서울,202605,의료웰니스업,6816893
업종별,서울,202606,쇼핑업,795220
업종별,서울,202606,숙박업,12975
업종별,서울,202606,식음료업,3174409
업종별,서울,202606,여가서비스업,93873
업종별,서울,202606,여행업,1967
업종별,서울,202606,운송업,37439
업종별,서울,202606,의료웰니스업,3840635
업종별,서울,202607,쇼핑업,753037
업종별,서울,202607,숙박업,9724
업종별,서울,202607,식음료업,3963731
업종별,서울,202607,여가서비스업,98924
업종별,서울,202607,여행업,3137
업종별,서울,202607,운송업,46933
업종별,서울,202607,의료웰니스업,4153419
업종별,서울,202608,쇼핑업,878401
업종별,서울,202608,숙박업,10840
업종별,서울,202608,식음료업,4299723
업종별,서울,202608,여가서비스업,82499
업종별,서울,202608,여행업,4229
업종별,서울,202608,운송업,52774
업종별,서울,202608,의료웰니스업,7974964
국적별,서울,202401,중국,1997126
국적별,서울,202401,홍콩,22175
국적별,서울,202401,기타,5416
국적별,서울,202402,중국,2171466
국적별,서울,202402,홍콩,34454
국적별,서울,202402,기타,8692
국적별,서울,202403,중국,2618879
국적별,서울,202403,홍콩,35098
국적별,서울,202403,기타,16271
국적별,서울,202404,중국,4111171
국적별,서울,202404,홍콩,35775
국적별,서울,202404,기타,13796
국적별,서울,202405,중국,3998968
국적별,서울,202405,홍콩,53028
국적별,서울,202405,기타,11398
국적별,서울,202406,중국,4703732
국적별,서울,202406,홍콩,56626
국적별,서울,202406,기타,7273
국적별,서울,202407,중국,5022255
국적별,서울,202407,홍콩,66234
국적별,서울,202407,기타,9955
국적별,서울,202408,중국,5496072
국적별,서울,202408,홍콩,61129
국적별,서울,202408,기타,11640
국적별,서울,202409,중국,5127654
국적별,서울,202409,홍콩,48869
국적별,서울,202409,기타,15803
국적별,서울,202410,중국,6162222
국적별,서울,202410,홍콩,72374
국적별,서울,202410,기타,24185
국적별,서울,202411,중국,5322385
국적별,서울,202411,홍콩,79332
국적별,서울,202411,기타,27438
국적별,서울,202412,중국,7698945
국적별,서울,202412,홍콩,86616
국적별,서울,202412,기타,58451
국적별,서울,202412,대만,0
국적별,서울,202501,중국,7251635
국적별,서울,202501,홍콩,79026
국적별,서울,202501,대만,49371
국적별,서울,202501,기타,32371
국적별,서울,202502,중국,5772072
국적별,서울,202502,대만,78734
국적별,서울,202502,홍콩,79566
국적별,서울,202502,기타,29890
국적별,서울,202503,중국,8578312
국적별,서울,202503,대만,131574
국적별,서울,202503,홍콩,92612
국적별,서울,202503,기타,34698
국적별,서울,202504,중국,10342571
국적별,서울,202504,대만,176596
국적별,서울,202504,홍콩,159824
국적별,서울,202504,기타,50394
국적별,서울,202505,중국,9431359
국적별,서울,202505,대만,137589
국적별,서울,202505,홍콩,126612
국적별,서울,202505,기타,30947
국적별,서울,202506,중국,8687616
국적별,서울,202506,홍콩,130394
국적별,서울,202506,대만,123105
국적별,서울,202506,기타,31976
국적별,서울,202507,중국,10247228
국적별,서울,202507,대만,192154
국적별,서울,202507,홍콩,123688
국적별,서울,202507,기타,26568
국적별,서울,202508,중국,10068682
국적별,서울,202508,대만,212984
국적별,서울,202508,홍콩,138070
국적별,서울,202508,기타,28227
국적별,서울,202509,중국,10907691
국적별,서울,202509,대만,379770
국적별,서울,202509,홍콩,101921
국적별,서울,202509,기타,36493
국적별,서울,202510,중국,7979945
국적별,서울,202510,대만,173722
국적별,서울,202510,홍콩,123788
국적별,서울,202510,기타,73690
국적별,서울,202511,중국,8758861
국적별,서울,202511,홍콩,132888
국적별,서울,202511,대만,122960
국적별,서울,202511,기타,78978
국적별,서울,202512,중국,7930253
국적별,서울,202512,대만,200089
국적별,서울,202512,홍콩,171543
국적별,서울,202512,기타,146302
국적별,서울,202601,중국,10714730
국적별,서울,202601,홍콩,152992
국적별,서울,202601,대만,106869
국적별,서울,202601,기타,95465
국적별,서울,202602,중국,9193023
국적별,서울,202602,홍콩,130298
국적별,서울,202602,대만,116424
국적별,서울,202602,기타,81342
국적별,서울,202603,중국,9911277
국적별,서울,202603,홍콩,186869
국적별,서울,202603,기타,119921
국적별,서울,202603,대만,106605
국적별,서울,202604,중국,8850490
국적별,서울,202604,홍콩,225472
국적별,서울,202604,대만,109661
국적별,서울,202604,기타,92421
국적별,서울,202605,중국,10078474
국적별,서울,202605,홍콩,198051
국적별,서울,202605,기타,124089
국적별,서울,202605,대만,110761
국적별,서울,202606,중국,7487858
국적별,서울,202606,홍콩,266419
국적별,서울,202606,기타,100200
국적별,서울,202606,대만,102042
국적별,서울,202607,중국,8569770
국적별,서울,202607,홍콩,220767
국적별,서울,202607,대만,146211
국적별,서울,202607,기타,92157
국적별,서울,202608,중국,12809006
국적별,서울,202608,홍콩,234769
국적별,서울,202608,대만,147935
국적별,서울,202608,기타,111720
업종별,부산,202401,전체,8247
업종별,부산,202402,전체,14114
업종별,부산,202403,전체,11317
업종별,부산,202404,전체,25394
업종별,부산,202405,전체,44423
업종별,부산,202406,전체,36936
업종별,부산,202407,전체,56296
업종별,부산,202408,전체,64417
업종별,부산,202409,전체,49910
업종별,부산,202410,전체,81047
업종별,부산,202411,전체,30488
업종별,부산,202412,전체,32279
업종별,부산,202501,전체,55912
업종별,부산,202502,전체,57362
업종별,부산,202503,전체,72656
업종별,부산,202504,전체,104985
업종별,부산,202505,전체,121332
업종별,부산,202506,전체,102345
업종별,부산,202507,전체,198559
업종별,부산,202508,전체,189249
업종별,부산,202509,전체,181880
업종별,부산,202510,전체,172634
업종별,부산,202511,전체,107791
업종별,부산,202512,전체,128364
업종별,부산,202601,전체,135964
업종별,부산,202602,전체,263226
업종별,부산,202603,전체,170898
업종별,부산,202604,전체,262639
업종별,부산,202605,전체,354422
업종별,부산,202606,전체,335883
업종별,부산,202607,전체,459536
업종별,부산,202608,전체,547041
업종별,부산,202401,쇼핑업,3584
업종별,부산,202401,숙박업,60
업종별,부산,202401,식음료업,3375
업종별,부산,202401,여가서비스업,524
업종별,부산,202401,의료웰니스업,704
업종별,부산,202402,쇼핑업,4850
업종별,부산,202402,식음료업,8463
업종별,부산,202402,의료웰니스업,801
업종별,부산,202403,쇼핑업,2539
업종별,부산,202403,식음료업,4896
업종별,부산,202403,여가서비스업,776
업종별,부산,202403,의료웰니스업,3106
업종별,부산,202404,쇼핑업,6167
업종별,부산,202404,숙박업,10
업종별,부산,202404,식음료업,14025
업종별,부산,202404,여가서비스업,508
업종별,부산,202404,의료웰니스업,4683
업종별,부산,202405,쇼핑업,12945
업종별,부산,202405,식음료업,28285
업종별,부산,202405,운송업,61
업종별,부산,202405,의료웰니스업,3132
업종별,부산,202406,쇼핑업,9927
업종별,부산,202406,식음료업,22752
업종별,부산,202406,의료웰니스업,4256
업종별,부산,202407,쇼핑업,15484
업종별,부산,202407,숙박업,190
업종별,부산,202407,식음료업,37065
업종별,부산,202407,여가서비스업,250
업종별,부산,202407,여행업,16
업종별,부산,202407,운송업,220
업종별,부산,202407,의료웰니스업,3072
업종별,부산,202408,쇼핑업,16145
업종별,부산,202408,식음료업,43341
업종별,부산,202408,여행업,66
업종별,부산,202408,의료웰니스업,4865
업종별,부산,202409,쇼핑업,11598
업종별,부산,202409,식음료업,33802
업종별,부산,202409,여행업,6
업종별,부산,202409,운송업,290
업종별,부산,202409,의료웰니스업,4214
업종별,부산,202410,쇼핑업,19285
업종별,부산,202410,식음료업,58730
업종별,부산,202410,운송업,80
업종별,부산,202410,의료웰니스업,2952
업종별,부산,202411,쇼핑업,8769
업종별,부산,202411,숙박업,300
업종별,부산,202411,식음료업,19104
업종별,부산,202411,여행업,10
업종별,부산,202411,의료웰니스업,2306
업종별,부산,202412,쇼핑업,8516
업종별,부산,202412,숙박업,153
업종별,부산,202412,식음료업,20921
업종별,부산,202412,여가서비스업,16
업종별,부산,202412,여행업,18
업종별,부산,202412,의료웰니스업,2656
업종별,부산,202501,쇼핑업,20326
업종별,부산,202501,숙박업,44
업종별,부산,202501,식음료업,30480
업종별,부산,202501,여행업,22
업종별,부산,202501,운송업,24
업종별,부산,202501,의료웰니스업,5016
업종별,부산,202502,쇼핑업,22968
업종별,부산,202502,식음료업,25436
업종별,부산,202502,운송업,84
업종별,부산,202502,의료웰니스업,8874
업종별,부산,202503,쇼핑업,35153
업종별,부산,202503,식음료업,31309
업종별,부산,202503,여가서비스업,165
업종별,부산,202503,여행업,11
업종별,부산,202503,운송업,80
업종별,부산,202503,의료웰니스업,5939
업종별,부산,202504,쇼핑업,47691
업종별,부산,202504,식음료업,41004
업종별,부산,202504,여가서비스업,71
업종별,부산,202504,운송업,71
업종별,부산,202504,의료웰니스업,16148
업종별,부산,202505,쇼핑업,47835
업종별,부산,202505,식음료업,56447
업종별,부산,202505,여가서비스업,179
업종별,부산,202505,운송업,31
업종별,부산,202505,의료웰니스업,16840
업종별,부산,202506,쇼핑업,43401
업종별,부산,202506,숙박업,33
업종별,부산,202506,식음료업,47603
업종별,부산,202506,여가서비스업,265
업종별,부산,202506,운송업,196
업종별,부산,202506,의료웰니스업,10846
업종별,부산,202507,쇼핑업,66104
업종별,부산,202507,식음료업,98604
업종별,부산,202507,여가서비스업,646
업종별,부산,202507,여행업,147
업종별,부산,202507,운송업,258
업종별,부산,202507,의료웰니스업,32800
업종별,부산,202508,쇼핑업,65943
업종별,부산,202508,숙박업,140
업종별,부산,202508,식음료업,103747
업종별,부산,202508,여가서비스업,134
업종별,부산,202508,여행업,99
업종별,부산,202508,운송업,397
업종별,부산,202508,의료웰니스업,18789
업종별,부산,202509,쇼핑업,55702
업종별,부산,202509,식음료업,73977
업종별,부산,202509,여가서비스업,95
업종별,부산,202509,여행업,76
업종별,부산,202509,운송업,76
업종별,부산,202509,의료웰니스업,51956
업종별,부산,202510,쇼핑업,50675
업종별,부산,202510,숙박업,3
업종별,부산,202510,식음료업,93607
업종별,부산,202510,여가서비스업,93
업종별,부산,202510,운송업,189
업종별,부산,202510,의료웰니스업,28067
업종별,부산,202511,쇼핑업,34719
업종별,부산,202511,식음료업,48839
업종별,부산,202511,여가서비스업,219
업종별,부산,202511,여행업,131
업종별,부산,202511,운송업,668
업종별,부산,202511,의료웰니스업,23215
업종별,부산,202512,쇼핑업,44094
업종별,부산,202512,식음료업,50467
업종별,부산,202512,여가서비스업,254
업종별,부산,202512,운송업,69
업종별,부산,202512,의료웰니스업,33481
업종별,부산,202601,쇼핑업,53354
업종별,부산,202601,식음료업,65675
업종별,부산,202601,여가서비스업,310
업종별,부산,202601,운송업,133
업종별,부산,202601,의료웰니스업,16492
업종별,부산,202602,쇼핑업,72103
업종별,부산,202602,숙박업,120
업종별,부산,202602,식음료업,148596
업종별,부산,202602,여가서비스업,368
업종별,부산,202602,여행업,73
업종별,부산,202602,운송업,262
업종별,부산,202602,의료웰니스업,41704
업종별,부산,202603,쇼핑업,45256
업종별,부산,202603,숙박업,220
업종별,부산,202603,식음료업,75767
업종별,부산,202603,여가서비스업,476
업종별,부산,202603,여행업,55
업종별,부산,202603,운송업,1320
업종별,부산,202603,의료웰니스업,47805
업종별,부산,202604,쇼핑업,72429
업종별,부산,202604,숙박업,100
업종별,부산,202604,식음료업,104298
업종별,부산,202604,여가서비스업,5997
업종별,부산,202604,여행업,57
업종별,부산,202604,운송업,806
업종별,부산,202604,의료웰니스업,78952
업종별,부산,202605,쇼핑업,92581
업종별,부산,202605,숙박업,10
업종별,부산,202605,식음료업,157287
업종별,부산,202605,여가서비스업,678
업종별,부산,202605,운송업,1185
업종별,부산,202605,의료웰니스업,102681
업종별,부산,202606,쇼핑업,93867
업종별,부산,202606,숙박업,451
업종별,부산,202606,식음료업,153081
업종별,부산,202606,여가서비스업,837
업종별,부산,202606,여행업,184
업종별,부산,202606,운송업,986
업종별,부산,202606,의료웰니스업,86478
업종별,부산,202607,쇼핑업,140245
업종별,부산,202607,숙박업,400
업종별,부산,202607,식음료업,224101
업종별,부산,202607,여가서비스업,2519
업종별,부산,202607,여행업,205
업종별,부산,202607,운송업,487
업종별,부산,202607,의료웰니스업,91579
업종별,부산,202608,쇼핑업,209328
업종별,부산,202608,숙박업,3376
업종별,부산,202608,식음료업,263605
업종별,부산,202608,여가서비스업,4505
업종별,부산,202608,운송업,1160
업종별,부산,202608,의료웰니스업,65068
국적별,부산,202401,중국,7948
국적별,부산,202401,기타,178
국적별,부산,202401,홍콩,122
국적별,부산,202402,중국,13262
국적별,부산,202402,기타,562
국적별,부산,202402,홍콩,290
국적별,부산,202403,중국,10682
국적별,부산,202403,기타,343
국적별,부산,202403,홍콩,292
국적별,부산,202404,중국,24341
국적별,부산,202404,기타,719
국적별,부산,202404,홍콩,334
국적별,부산,202405,중국,43077
국적별,부산,202405,기타,817
국적별,부산,202405,홍콩,529
국적별,부산,202406,중국,34867
국적별,부산,202406,홍콩,1801
국적별,부산,202406,기타,267
국적별,부산,202407,중국,52823
국적별,부산,202407,홍콩,2477
국적별,부산,202407,기타,996
국적별,부산,202408,중국,61353
국적별,부산,202408,홍콩,1825
국적별,부산,202408,기타,1239
국적별,부산,202409,중국,47027
국적별,부산,202409,홍콩,1551
국적별,부산,202409,기타,1331
국적별,부산,202410,중국,77365
국적별,부산,202410,홍콩,2002
국적별,부산,202410,기타,1680
국적별,부산,202411,중국,27612
국적별,부산,202411,홍콩,1789
국적별,부산,202411,기타,1086
국적별,부산,202412,중국,28959
국적별,부산,202412,홍콩,2500
국적별,부산,202412,기타,821
국적별,부산,202501,중국,37654
국적별,부산,202501,대만,14387
국적별,부산,202501,홍콩,2508
국적별,부산,202501,기타,1363
국적별,부산,202502,중국,36701
국적별,부산,202502,대만,18754
국적별,부산,202502,홍콩,1011
국적별,부산,202502,기타,896
국적별,부산,202503,중국,39267
국적별,부산,202503,대만,30004
국적별,부산,202503,홍콩,2208
국적별,부산,202503,기타,1178
국적별,부산,202504,중국,62902
국적별,부산,202504,대만,36915
국적별,부산,202504,홍콩,3038
국적별,부산,202504,기타,2130
국적별,부산,202505,중국,68436
국적별,부산,202505,대만,47527
국적별,부산,202505,홍콩,2732
국적별,부산,202505,기타,2638
국적별,부산,202506,중국,52197
국적별,부산,202506,대만,46504
국적별,부산,202506,홍콩,2207
국적별,부산,202506,기타,1436
국적별,부산,202507,중국,137973
국적별,부산,202507,대만,54367
국적별,부산,202507,홍콩,3312
국적별,부산,202507,기타,2907
국적별,부산,202508,중국,132781
국적별,부산,202508,대만,49924
국적별,부산,202508,홍콩,4392
국적별,부산,202508,기타,2152
국적별,부산,202509,중국,100340
국적별,부산,202509,대만,75093
국적별,부산,202509,기타,3185
국적별,부산,202509,홍콩,3262
국적별,부산,202510,중국,129868
국적별,부산,202510,대만,35156
국적별,부산,202510,기타,4823
국적별,부산,202510,홍콩,2787
국적별,부산,202511,중국,70566
국적별,부산,202511,대만,30283
국적별,부산,202511,기타,4157
국적별,부산,202511,홍콩,2786
국적별,부산,202512,중국,83643
국적별,부산,202512,대만,36035
국적별,부산,202512,기타,5574
국적별,부산,202512,홍콩,3113
국적별,부산,202601,중국,106314
국적별,부산,202601,대만,23281
국적별,부산,202601,기타,3505
국적별,부산,202601,홍콩,2864
국적별,부산,202602,중국,223383
국적별,부산,202602,대만,32475
국적별,부산,202602,기타,4044
국적별,부산,202602,홍콩,3324
국적별,부산,202603,중국,117841
국적별,부산,202603,대만,39158
국적별,부산,202603,홍콩,7055
국적별,부산,202603,기타,6845
국적별,부산,202604,중국,180568
국적별,부산,202604,대만,55304
국적별,부산,202604,홍콩,14765
국적별,부산,202604,기타,12002
국적별,부산,202605,중국,287429
국적별,부산,202605,대만,44833
국적별,부산,202605,기타,13021
국적별,부산,202605,홍콩,9139
국적별,부산,202606,중국,277618
국적별,부산,202606,대만,45299
국적별,부산,202606,홍콩,6914
국적별,부산,202606,기타,6051
국적별,부산,202607,중국,387102
국적별,부산,202607,대만,53521
국적별,부산,202607,홍콩,12711
국적별,부산,202607,기타,6203
국적별,부산,202608,중국,465289
국적별,부산,202608,대만,52603
국적별,부산,202608,홍콩,16671
국적별,부산,202608,기타,12479
업종별,대구,202402,전체,33
업종별,대구,202403,전체,889
업종별,대구,202404,전체,307
업종별,대구,202405,전체,156
업종별,대구,202406,전체,380
업종별,대구,202407,전체,14174
업종별,대구,202408,전체,7798
업종별,대구,202409,전체,10125
업종별,대구,202410,전체,12628
업종별,대구,202411,전체,7923
업종별,대구,202412,전체,6638
업종별,대구,202501,전체,4485
업종별,대구,202502,전체,3146
업종별,대구,202503,전체,11330
업종별,대구,202504,전체,9313
업종별,대구,202505,전체,9839
업종별,대구,202506,전체,9574
업종별,대구,202507,전체,9169
업종별,대구,202508,전체,10207
업종별,대구,202509,전체,22278
업종별,대구,202510,전체,10777
업종별,대구,202511,전체,14402
업종별,대구,202512,전체,10320
업종별,대구,202601,전체,7665
업종별,대구,202602,전체,15390
업종별,대구,202603,전체,14872
업종별,대구,202604,전체,11398
업종별,대구,202605,전체,12489
업종별,대구,202606,전체,16484
업종별,대구,202607,전체,10137
업종별,대구,202608,전체,15363
업종별,대구,202402,쇼핑업,26
업종별,대구,202402,식음료업,7
업종별,대구,202403,쇼핑업,53
업종별,대구,202403,숙박업,64
업종별,대구,202403,식음료업,692
업종별,대구,202403,의료웰니스업,80
업종별,대구,202404,쇼핑업,287
업종별,대구,202404,식음료업,20
업종별,대구,202405,쇼핑업,41
업종별,대구,202405,식음료업,115
업종별,대구,202406,식음료업,208
업종별,대구,202406,의료웰니스업,172
업종별,대구,202407,쇼핑업,5837
업종별,대구,202407,식음료업,7646
업종별,대구,202407,의료웰니스업,691
업종별,대구,202408,쇼핑업,4903
업종별,대구,202408,식음료업,2683
업종별,대구,202408,의료웰니스업,212
업종별,대구,202409,쇼핑업,7316
업종별,대구,202409,식음료업,2154
업종별,대구,202409,의료웰니스업,656
업종별,대구,202410,쇼핑업,6693
업종별,대구,202410,식음료업,3712
업종별,대구,202410,의료웰니스업,2223
업종별,대구,202411,쇼핑업,6392
업종별,대구,202411,식음료업,988
업종별,대구,202411,의료웰니스업,543
업종별,대구,202412,쇼핑업,4191
업종별,대구,202412,식음료업,2024
업종별,대구,202412,의료웰니스업,423
업종별,대구,202501,쇼핑업,806
업종별,대구,202501,식음료업,1385
업종별,대구,202501,의료웰니스업,2294
업종별,대구,202502,쇼핑업,1723
업종별,대구,202502,식음료업,776
업종별,대구,202502,의료웰니스업,646
업종별,대구,202503,쇼핑업,6091
업종별,대구,202503,식음료업,4712
업종별,대구,202503,여가서비스업,10
업종별,대구,202503,의료웰니스업,518
업종별,대구,202504,쇼핑업,6023
업종별,대구,202504,식음료업,2428
업종별,대구,202504,여가서비스업,10
업종별,대구,202504,의료웰니스업,852
업종별,대구,202505,쇼핑업,6304
업종별,대구,202505,식음료업,2767
업종별,대구,202505,운송업,25
업종별,대구,202505,의료웰니스업,743
업종별,대구,202506,쇼핑업,5379
업종별,대구,202506,식음료업,2317
업종별,대구,202506,의료웰니스업,1878
업종별,대구,202507,쇼핑업,3927
업종별,대구,202507,식음료업,4585
업종별,대구,202507,여가서비스업,6
업종별,대구,202507,의료웰니스업,650
업종별,대구,202508,쇼핑업,6086
업종별,대구,202508,식음료업,3303
업종별,대구,202508,의료웰니스업,818
업종별,대구,202509,쇼핑업,7065
업종별,대구,202509,식음료업,3254
업종별,대구,202509,운송업,70
업종별,대구,202509,의료웰니스업,11889
업종별,대구,202510,쇼핑업,5302
업종별,대구,202510,식음료업,3441
업종별,대구,202510,여가서비스업,53
업종별,대구,202510,의료웰니스업,1981
업종별,대구,202511,쇼핑업,8555
업종별,대구,202511,식음료업,2699
업종별,대구,202511,여가서비스업,30
업종별,대구,202511,의료웰니스업,3117
업종별,대구,202512,쇼핑업,4251
업종별,대구,202512,식음료업,2186
업종별,대구,202512,운송업,37
업종별,대구,202512,의료웰니스업,3847
업종별,대구,202601,쇼핑업,5220
업종별,대구,202601,식음료업,867
업종별,대구,202601,의료웰니스업,1578
업종별,대구,202602,쇼핑업,13195
업종별,대구,202602,식음료업,1279
업종별,대구,202602,운송업,55
업종별,대구,202602,의료웰니스업,862
업종별,대구,202603,쇼핑업,7150
업종별,대구,202603,식음료업,2956
업종별,대구,202603,의료웰니스업,4767
업종별,대구,202604,쇼핑업,4966
업종별,대구,202604,숙박업,118
업종별,대구,202604,식음료업,2979
업종별,대구,202604,의료웰니스업,3336
업종별,대구,202605,쇼핑업,5899
업종별,대구,202605,식음료업,2745
업종별,대구,202605,의료웰니스업,3844
업종별,대구,202606,쇼핑업,8825
업종별,대구,202606,식음료업,3048
업종별,대구,202606,의료웰니스업,4612
업종별,대구,202607,쇼핑업,4802
업종별,대구,202607,식음료업,1865
업종별,대구,202607,의료웰니스업,3470
업종별,대구,202608,쇼핑업,9374
업종별,대구,202608,숙박업,110
업종별,대구,202608,식음료업,3461
업종별,대구,202608,의료웰니스업,2418
국적별,대구,202402,중국,26
국적별,대구,202402,기타,7
국적별,대구,202403,중국,836
국적별,대구,202403,기타,53
국적별,대구,202404,중국,185
국적별,대구,202404,홍콩,122
국적별,대구,202405,중국,156
국적별,대구,202406,중국,380
국적별,대구,202407,중국,14149
국적별,대구,202407,홍콩,25
국적별,대구,202408,중국,7798
국적별,대구,202409,중국,10125
국적별,대구,202410,중국,12552
국적별,대구,202410,기타,76
국적별,대구,202411,중국,7886
국적별,대구,202411,기타,37
국적별,대구,202412,중국,6594
국적별,대구,202412,홍콩,44
국적별,대구,202501,중국,3647
국적별,대구,202501,대만,677
국적별,대구,202501,홍콩,161
국적별,대구,202502,중국,2127
국적별,대구,202502,대만,1019
국적별,대구,202503,중국,8654
국적별,대구,202503,대만,2666
국적별,대구,202503,홍콩,10
국적별,대구,202504,대만,4741
국적별,대구,202504,중국,4562
국적별,대구,202504,홍콩,10
국적별,대구,202505,중국,6732
국적별,대구,202505,대만,3054
국적별,대구,202505,기타,53
국적별,대구,202506,대만,5648
국적별,대구,202506,중국,3926
국적별,대구,202507,대만,5825
국적별,대구,202507,중국,3343
국적별,대구,202508,대만,6409
국적별,대구,202508,중국,3708
국적별,대구,202508,기타,90
국적별,대구,202509,중국,13251
국적별,대구,202509,대만,8955
국적별,대구,202509,기타,35
국적별,대구,202509,홍콩,37
국적별,대구,202510,중국,8278
국적별,대구,202510,대만,2405
국적별,대구,202510,기타,78
국적별,대구,202510,홍콩,16
국적별,대구,202511,중국,12584
국적별,대구,202511,대만,1730
국적별,대구,202511,홍콩,86
국적별,대구,202511,기타,3
국적별,대구,202512,중국,8305
국적별,대구,202512,대만,1556
국적별,대구,202512,홍콩,286
국적별,대구,202512,기타,173
국적별,대구,202601,중국,5846
국적별,대구,202601,대만,1147
국적별,대구,202601,홍콩,511
국적별,대구,202601,기타,162
국적별,대구,202602,중국,14363
국적별,대구,202602,대만,898
국적별,대구,202602,홍콩,129
국적별,대구,202603,중국,10607
국적별,대구,202603,대만,3811
국적별,대구,202603,기타,345
국적별,대구,202603,홍콩,109
국적별,대구,202604,중국,9708
국적별,대구,202604,대만,1405
국적별,대구,202604,홍콩,249
국적별,대구,202604,기타,36
국적별,대구,202605,중국,10986
국적별,대구,202605,대만,1289
국적별,대구,202605,홍콩,208
국적별,대구,202605,기타,5
국적별,대구,202606,중국,13348
국적별,대구,202606,대만,2118
국적별,대구,202606,홍콩,662
국적별,대구,202606,기타,357
국적별,대구,202607,중국,7359
국적별,대구,202607,대만,2610
국적별,대구,202607,홍콩,165
국적별,대구,202607,기타,4
국적별,대구,202608,중국,11496
국적별,대구,202608,대만,3285
국적별,대구,202608,홍콩,541
국적별,대구,202608,기타,41
업종별,충북,202401,전체,440
업종별,충북,202402,전체,371
업종별,충북,202403,전체,685
업종별,충북,202404,전체,740
업종별,충북,202405,전체,668
업종별,충북,202406,전체,608
업종별,충북,202407,전체,104
업종별,충북,202408,전체,1785
업종별,충북,202409,전체,3489
업종별,충북,202410,전체,3389
업종별,충북,202411,전체,4370
업종별,충북,202412,전체,4449
업종별,충북,202501,전체,1286
업종별,충북,202502,전체,588
업종별,충북,202503,전체,18290
업종별,충북,202504,전체,7969
업종별,충북,202505,전체,5517
업종별,충북,202506,전체,5942
업종별,충북,202507,전체,2607
업종별,충북,202508,전체,4718
업종별,충북,202509,전체,12108
업종별,충북,202510,전체,12808
업종별,충북,202511,전체,14381
업종별,충북,202512,전체,8071
업종별,충북,202601,전체,2385
업종별,충북,202602,전체,2728
업종별,충북,202603,전체,10731
업종별,충북,202604,전체,8998
업종별,충북,202605,전체,7800
업종별,충북,202606,전체,6768
업종별,충북,202607,전체,5593
업종별,충북,202608,전체,6923
업종별,충북,202401,쇼핑업,175
업종별,충북,202401,식음료업,245
업종별,충북,202401,의료웰니스업,20
업종별,충북,202402,쇼핑업,121
업종별,충북,202402,식음료업,67
업종별,충북,202402,여가서비스업,140
업종별,충북,202402,의료웰니스업,43
업종별,충북,202403,쇼핑업,154
업종별,충북,202403,식음료업,308
업종별,충북,202403,의료웰니스업,224
업종별,충북,202404,쇼핑업,32
업종별,충북,202404,식음료업,685
업종별,충북,202404,의료웰니스업,23
업종별,충북,202405,쇼핑업,110
업종별,충북,202405,식음료업,558
업종별,충북,202406,쇼핑업,117
업종별,충북,202406,식음료업,426
업종별,충북,202406,의료웰니스업,65
업종별,충북,202407,쇼핑업,55
업종별,충북,202407,식음료업,38
업종별,충북,202407,의료웰니스업,12
업종별,충북,202408,쇼핑업,57
업종별,충북,202408,식음료업,1728
업종별,충북,202409,쇼핑업,442
업종별,충북,202409,식음료업,2556
업종별,충북,202409,여가서비스업,44
업종별,충북,202409,의료웰니스업,447
업종별,충북,202410,쇼핑업,733
업종별,충북,202410,식음료업,2648
업종별,충북,202410,의료웰니스업,8
업종별,충북,202411,쇼핑업,285
업종별,충북,202411,식음료업,3989
업종별,충북,202411,의료웰니스업,96
업종별,충북,202412,쇼핑업,307
업종별,충북,202412,식음료업,2831
업종별,충북,202412,여가서비스업,23
업종별,충북,202412,운송업,20
업종별,충북,202412,의료웰니스업,1270
업종별,충북,202501,쇼핑업,700
업종별,충북,202501,식음료업,487
업종별,충북,202501,의료웰니스업,99
업종별,충북,202502,쇼핑업,236
업종별,충북,202502,식음료업,351
업종별,충북,202503,쇼핑업,1647
업종별,충북,202503,식음료업,9775
업종별,충북,202503,여가서비스업,855
업종별,충북,202503,운송업,40
업종별,충북,202503,의료웰니스업,5973
업종별,충북,202504,쇼핑업,703
업종별,충북,202504,식음료업,3619
업종별,충북,202504,의료웰니스업,3647
업종별,충북,202505,쇼핑업,649
업종별,충북,202505,식음료업,2987
업종별,충북,202505,의료웰니스업,1882
업종별,충북,202506,쇼핑업,963
업종별,충북,202506,식음료업,2466
업종별,충북,202506,의료웰니스업,2513
업종별,충북,202507,쇼핑업,1257
업종별,충북,202507,식음료업,703
업종별,충북,202507,의료웰니스업,646
업종별,충북,202508,쇼핑업,1294
업종별,충북,202508,식음료업,1571
업종별,충북,202508,의료웰니스업,1854
업종별,충북,202509,쇼핑업,2528
업종별,충북,202509,식음료업,6781
업종별,충북,202509,의료웰니스업,2799
업종별,충북,202510,쇼핑업,1540
업종별,충북,202510,식음료업,4693
업종별,충북,202510,운송업,128
업종별,충북,202510,의료웰니스업,6447
업종별,충북,202511,쇼핑업,1512
업종별,충북,202511,식음료업,5683
업종별,충북,202511,여가서비스업,158
업종별,충북,202511,의료웰니스업,7027
업종별,충북,202512,쇼핑업,1174
업종별,충북,202512,식음료업,5096
업종별,충북,202512,의료웰니스업,1801
업종별,충북,202601,쇼핑업,923
업종별,충북,202601,식음료업,1386
업종별,충북,202601,의료웰니스업,76
업종별,충북,202602,쇼핑업,1536
업종별,충북,202602,식음료업,1175
업종별,충북,202602,의료웰니스업,18
업종별,충북,202603,쇼핑업,2891
업종별,충북,202603,식음료업,4126
업종별,충북,202603,여가서비스업,38
업종별,충북,202603,의료웰니스업,3676
업종별,충북,202604,쇼핑업,3325
업종별,충북,202604,식음료업,3059
업종별,충북,202604,여가서비스업,44
업종별,충북,202604,의료웰니스업,2571
업종별,충북,202605,쇼핑업,2620
업종별,충북,202605,식음료업,3417
업종별,충북,202605,여가서비스업,18
업종별,충북,202605,의료웰니스업,1745
업종별,충북,202606,쇼핑업,2027
업종별,충북,202606,식음료업,2910
업종별,충북,202606,여가서비스업,85
업종별,충북,202606,의료웰니스업,1746
업종별,충북,202607,쇼핑업,2745
업종별,충북,202607,숙박업,40
업종별,충북,202607,식음료업,2724
업종별,충북,202607,의료웰니스업,84
업종별,충북,202608,쇼핑업,2425
업종별,충북,202608,식음료업,3536
업종별,충북,202608,의료웰니스업,962
국적별,충북,202401,중국,381
국적별,충북,202401,기타,58
국적별,충북,202402,중국,349
국적별,충북,202402,기타,22
국적별,충북,202403,중국,685
국적별,충북,202404,중국,740
국적별,충북,202405,중국,661
국적별,충북,202405,기타,7
국적별,충북,202406,중국,589
국적별,충북,202406,기타,19
국적별,충북,202407,중국,104
국적별,충북,202408,중국,1785
국적별,충북,202409,중국,3463
국적별,충북,202409,홍콩,26
국적별,충북,202410,중국,3386
국적별,충북,202410,기타,3
국적별,충북,202411,중국,4370
국적별,충북,202412,중국,4397
국적별,충북,202412,기타,47
국적별,충북,202412,홍콩,5
국적별,충북,202501,중국,778
국적별,충북,202501,대만,509
국적별,충북,202502,중국,348
국적별,충북,202502,대만,184
국적별,충북,202502,기타,56
국적별,충북,202503,중국,17459
국적별,충북,202503,대만,831
국적별,충북,202504,중국,7798
국적별,충북,202504,대만,171
국적별,충북,202505,중국,5322
국적별,충북,202505,대만,184
국적별,충북,202505,기타,10
국적별,충북,202506,중국,5373
국적별,충북,202506,대만,569
국적별,충북,202507,대만,1316
국적별,충북,202507,중국,1265
국적별,충북,202507,홍콩,26
국적별,충북,202508,중국,3128
국적별,충북,202508,대만,1584
국적별,충북,202508,홍콩,7
국적별,충북,202509,중국,7888
국적별,충북,202509,대만,4220
국적별,충북,202510,중국,11050
국적별,충북,202510,대만,1729
국적별,충북,202510,기타,28
국적별,충북,202511,중국,12788
국적별,충북,202511,대만,1520
국적별,충북,202511,기타,73
국적별,충북,202512,중국,6734
국적별,충북,202512,대만,1180
국적별,충북,202512,기타,153
국적별,충북,202512,홍콩,5
국적별,충북,202601,중국,1382
국적별,충북,202601,대만,946
국적별,충북,202601,홍콩,46
국적별,충북,202601,기타,11
국적별,충북,202602,중국,1686
국적별,충북,202602,대만,1004
국적별,충북,202602,기타,38
국적별,충북,202603,중국,10019
국적별,충북,202603,대만,673
국적별,충북,202603,기타,39
국적별,충북,202604,중국,7323
국적별,충북,202604,대만,1637
국적별,충북,202604,기타,38
국적별,충북,202605,중국,7141
국적별,충북,202605,대만,478
국적별,충북,202605,기타,181
국적별,충북,202606,중국,5851
국적별,충북,202606,대만,907
국적별,충북,202606,기타,10
국적별,충북,202607,중국,4307
국적별,충북,202607,대만,934
국적별,충북,202607,기타,337
국적별,충북,202607,홍콩,16
국적별,충북,202608,중국,5778
국적별,충북,202608,대만,1043
국적별,충북,202608,기타,102
업종별,경북,202401,전체,26
업종별,경북,202402,전체,19
업종별,경북,202403,전체,92
업종별,경북,202404,전체,492
업종별,경북,202405,전체,6692
업종별,경북,202406,전체,6272
업종별,경북,202407,전체,862
업종별,경북,202408,전체,2175
업종별,경북,202409,전체,1870
업종별,경북,202410,전체,8760
업종별,경북,202411,전체,5393
업종별,경북,202412,전체,2059
업종별,경북,202501,전체,1025
업종별,경북,202502,전체,4638
업종별,경북,202503,전체,4947
업종별,경북,202504,전체,3320
업종별,경북,202505,전체,7388
업종별,경북,202506,전체,2584
업종별,경북,202507,전체,1441
업종별,경북,202508,전체,2677
업종별,경북,202509,전체,7445
업종별,경북,202510,전체,46031
업종별,경북,202511,전체,7490
업종별,경북,202512,전체,6084
업종별,경북,202601,전체,2277
업종별,경북,202602,전체,1149
업종별,경북,202603,전체,4821
업종별,경북,202604,전체,4637
업종별,경북,202605,전체,9774
업종별,경북,202606,전체,7627
업종별,경북,202607,전체,2575
업종별,경북,202608,전체,5978
업종별,경북,202401,여가서비스업,26
업종별,경북,202402,식음료업,19
업종별,경북,202403,식음료업,92
업종별,경북,202404,쇼핑업,331
업종별,경북,202404,식음료업,141
업종별,경북,202404,여가서비스업,20
업종별,경북,202405,쇼핑업,112
업종별,경북,202405,숙박업,6330
업종별,경북,202405,식음료업,178
업종별,경북,202405,의료웰니스업,72
업종별,경북,202406,쇼핑업,347
업종별,경북,202406,숙박업,5660
업종별,경북,202406,식음료업,157
업종별,경북,202406,의료웰니스업,108
업종별,경북,202407,쇼핑업,155
업종별,경북,202407,숙박업,510
업종별,경북,202407,식음료업,179
업종별,경북,202407,의료웰니스업,18
업종별,경북,202408,쇼핑업,1948
업종별,경북,202408,식음료업,227
업종별,경북,202409,쇼핑업,244
업종별,경북,202409,식음료업,1516
업종별,경북,202409,의료웰니스업,110
업종별,경북,202410,쇼핑업,650
업종별,경북,202410,숙박업,1595
업종별,경북,202410,식음료업,6508
업종별,경북,202410,의료웰니스업,8
업종별,경북,202411,쇼핑업,58
업종별,경북,202411,식음료업,5263
업종별,경북,202411,의료웰니스업,72
업종별,경북,202412,쇼핑업,130
업종별,경북,202412,식음료업,1930
업종별,경북,202501,쇼핑업,725
업종별,경북,202501,식음료업,131
업종별,경북,202501,의료웰니스업,170
업종별,경북,202502,쇼핑업,364
업종별,경북,202502,숙박업,4110
업종별,경북,202502,식음료업,164
업종별,경북,202503,쇼핑업,928
업종별,경북,202503,숙박업,3130
업종별,경북,202503,식음료업,854
업종별,경북,202503,의료웰니스업,35
업종별,경북,202504,쇼핑업,308
업종별,경북,202504,숙박업,1780
업종별,경북,202504,식음료업,1088
업종별,경북,202504,여가서비스업,19
업종별,경북,202504,의료웰니스업,125
업종별,경북,202505,쇼핑업,622
업종별,경북,202505,숙박업,4320
업종별,경북,202505,식음료업,2144
업종별,경북,202505,여가서비스업,52
업종별,경북,202505,의료웰니스업,250
업종별,경북,202506,쇼핑업,1277
업종별,경북,202506,숙박업,200
업종별,경북,202506,식음료업,753
업종별,경북,202506,여가서비스업,17
업종별,경북,202506,의료웰니스업,337
업종별,경북,202507,쇼핑업,398
업종별,경북,202507,식음료업,845
업종별,경북,202507,운송업,194
업종별,경북,202507,의료웰니스업,4
업종별,경북,202508,쇼핑업,877
업종별,경북,202508,숙박업,350
업종별,경북,202508,식음료업,960
업종별,경북,202508,여가서비스업,13
업종별,경북,202508,운송업,67
업종별,경북,202508,의료웰니스업,410
업종별,경북,202509,쇼핑업,1174
업종별,경북,202509,숙박업,2400
업종별,경북,202509,식음료업,2380
업종별,경북,202509,여가서비스업,9
업종별,경북,202509,운송업,54
업종별,경북,202509,의료웰니스업,1428
업종별,경북,202510,쇼핑업,754
업종별,경북,202510,식음료업,43614
업종별,경북,202510,의료웰니스업,1663
업종별,경북,202511,쇼핑업,993
업종별,경북,202511,숙박업,420
업종별,경북,202511,식음료업,3317
업종별,경북,202511,여가서비스업,60
업종별,경북,202511,의료웰니스업,2700
업종별,경북,202512,쇼핑업,1229
업종별,경북,202512,숙박업,60
업종별,경북,202512,식음료업,2308
업종별,경북,202512,여가서비스업,6
업종별,경북,202512,의료웰니스업,2481
업종별,경북,202601,쇼핑업,412
업종별,경북,202601,숙박업,875
업종별,경북,202601,식음료업,816
업종별,경북,202601,운송업,135
업종별,경북,202601,의료웰니스업,39
업종별,경북,202602,쇼핑업,574
업종별,경북,202602,식음료업,516
업종별,경북,202602,의료웰니스업,59
업종별,경북,202603,쇼핑업,1061
업종별,경북,202603,식음료업,3028
업종별,경북,202603,여가서비스업,75
업종별,경북,202603,운송업,179
업종별,경북,202603,의료웰니스업,478
업종별,경북,202604,쇼핑업,686
업종별,경북,202604,식음료업,2510
업종별,경북,202604,운송업,10
업종별,경북,202604,의료웰니스업,1431
업종별,경북,202605,쇼핑업,726
업종별,경북,202605,식음료업,2644
업종별,경북,202605,여가서비스업,25
업종별,경북,202605,의료웰니스업,6380
업종별,경북,202606,쇼핑업,1109
업종별,경북,202606,식음료업,2276
업종별,경북,202606,의료웰니스업,4242
업종별,경북,202607,쇼핑업,1348
업종별,경북,202607,숙박업,10
업종별,경북,202607,식음료업,663
업종별,경북,202607,여가서비스업,285
업종별,경북,202607,의료웰니스업,269
업종별,경북,202608,쇼핑업,2007
업종별,경북,202608,숙박업,4
업종별,경북,202608,식음료업,1613
업종별,경북,202608,여가서비스업,102
업종별,경북,202608,운송업,1
업종별,경북,202608,의료웰니스업,2252
국적별,경북,202401,중국,26
국적별,경북,202402,중국,19
국적별,경북,202403,중국,92
국적별,경북,202404,기타,331
국적별,경북,202404,중국,161
국적별,경북,202405,중국,6633
국적별,경북,202405,홍콩,59
국적별,경북,202406,중국,6024
국적별,경북,202406,기타,248
국적별,경북,202407,중국,862
국적별,경북,202408,중국,2175
국적별,경북,202409,중국,1870
국적별,경북,202410,중국,8172
국적별,경북,202410,기타,588
국적별,경북,202411,중국,5374
국적별,경북,202411,기타,19
국적별,경북,202412,중국,2018
국적별,경북,202412,기타,20
국적별,경북,202412,홍콩,21
국적별,경북,202501,중국,497
국적별,경북,202501,기타,402
국적별,경북,202501,대만,126
국적별,경북,202502,중국,4234
국적별,경북,202502,기타,261
국적별,경북,202502,대만,144
국적별,경북,202503,중국,4339
국적별,경북,202503,대만,584
국적별,경북,202503,홍콩,17
국적별,경북,202503,기타,7
국적별,경북,202504,중국,3024
국적별,경북,202504,대만,286
국적별,경북,202504,기타,10
국적별,경북,202505,중국,6950
국적별,경북,202505,대만,438
국적별,경북,202506,중국,2279
국적별,경북,202506,대만,296
국적별,경북,202506,기타,9
국적별,경북,202507,중국,824
국적별,경북,202507,대만,393
국적별,경북,202507,기타,223
국적별,경북,202508,중국,1845
국적별,경북,202508,대만,817
국적별,경북,202508,기타,15
국적별,경북,202509,중국,6662
국적별,경북,202509,대만,672
국적별,경북,202509,기타,112
국적별,경북,202510,중국,45693
국적별,경북,202510,대만,337
국적별,경북,202511,중국,6961
국적별,경북,202511,대만,338
국적별,경북,202511,홍콩,158
국적별,경북,202511,기타,32
국적별,경북,202512,중국,5588
국적별,경북,202512,대만,466
국적별,경북,202512,기타,29
국적별,경북,202601,중국,1605
국적별,경북,202601,기타,299
국적별,경북,202601,대만,277
국적별,경북,202601,홍콩,96
국적별,경북,202602,중국,734
국적별,경북,202602,대만,415
국적별,경북,202603,중국,4261
국적별,경북,202603,대만,413
국적별,경북,202603,기타,98
국적별,경북,202603,홍콩,50
국적별,경북,202604,중국,3834
국적별,경북,202604,대만,582
국적별,경북,202604,기타,198
국적별,경북,202604,홍콩,24
국적별,경북,202605,중국,8867
국적별,경북,202605,대만,707
국적별,경북,202605,기타,201
국적별,경북,202606,중국,6443
국적별,경북,202606,대만,1022
국적별,경북,202606,홍콩,133
국적별,경북,202606,기타,28
국적별,경북,202607,중국,1295
국적별,경북,202607,대만,987
국적별,경북,202607,기타,283
국적별,경북,202607,홍콩,11
국적별,경북,202608,중국,4404
국적별,경북,202608,대만,1028
국적별,경북,202608,기타,546
업종별,경남,202401,전체,3148
업종별,경남,202402,전체,2355
업종별,경남,202403,전체,11351
업종별,경남,202404,전체,9638
업종별,경남,202405,전체,9121
업종별,경남,202406,전체,6179
업종별,경남,202407,전체,4006
업종별,경남,202408,전체,4222
업종별,경남,202409,전체,11807
업종별,경남,202410,전체,16435
업종별,경남,202411,전체,16985
업종별,경남,202412,전체,16666
업종별,경남,202501,전체,7396
업종별,경남,202502,전체,8952
업종별,경남,202503,전체,18512
업종별,경남,202504,전체,18270
업종별,경남,202505,전체,19900
업종별,경남,202506,전체,15851
업종별,경남,202507,전체,13423
업종별,경남,202508,전체,13919
업종별,경남,202509,전체,26809
업종별,경남,202510,전체,23745
업종별,경남,202511,전체,25911
업종별,경남,202512,전체,24758
업종별,경남,202601,전체,16212
업종별,경남,202602,전체,13717
업종별,경남,202603,전체,19459
업종별,경남,202604,전체,28835
업종별,경남,202605,전체,47079
업종별,경남,202606,전체,35401
업종별,경남,202607,전체,31231
업종별,경남,202608,전체,33283
업종별,경남,202401,쇼핑업,189
업종별,경남,202401,식음료업,2288
업종별,경남,202401,운송업,13
업종별,경남,202401,의료웰니스업,658
업종별,경남,202402,쇼핑업,78
업종별,경남,202402,식음료업,1214
업종별,경남,202402,여가서비스업,500
업종별,경남,202402,의료웰니스업,563
업종별,경남,202403,쇼핑업,978
업종별,경남,202403,숙박업,260
업종별,경남,202403,식음료업,8342
업종별,경남,202403,여가서비스업,950
업종별,경남,202403,운송업,68
업종별,경남,202403,의료웰니스업,753
업종별,경남,202404,쇼핑업,346
업종별,경남,202404,식음료업,7242
업종별,경남,202404,여가서비스업,200
업종별,경남,202404,운송업,39
업종별,경남,202404,의료웰니스업,1811
업종별,경남,202405,쇼핑업,432
업종별,경남,202405,식음료업,6550
업종별,경남,202405,여가서비스업,650
업종별,경남,202405,운송업,38
업종별,경남,202405,의료웰니스업,1450
업종별,경남,202406,쇼핑업,264
업종별,경남,202406,숙박업,12
업종별,경남,202406,식음료업,5058
업종별,경남,202406,여가서비스업,23
업종별,경남,202406,운송업,38
업종별,경남,202406,의료웰니스업,785
업종별,경남,202407,쇼핑업,185
업종별,경남,202407,식음료업,3581
업종별,경남,202407,여가서비스업,65
업종별,경남,202407,운송업,18
업종별,경남,202407,의료웰니스업,158
업종별,경남,202408,쇼핑업,351
업종별,경남,202408,식음료업,3201
업종별,경남,202408,여가서비스업,56
업종별,경남,202408,의료웰니스업,614
업종별,경남,202409,쇼핑업,1101
업종별,경남,202409,식음료업,9340
업종별,경남,202409,여가서비스업,745
업종별,경남,202409,운송업,177
업종별,경남,202409,의료웰니스업,445
업종별,경남,202410,쇼핑업,1303
업종별,경남,202410,식음료업,13537
업종별,경남,202410,여가서비스업,616
업종별,경남,202410,운송업,88
업종별,경남,202410,의료웰니스업,891
업종별,경남,202411,쇼핑업,993
업종별,경남,202411,식음료업,14151
업종별,경남,202411,여가서비스업,200
업종별,경남,202411,운송업,10
업종별,경남,202411,의료웰니스업,1631
업종별,경남,202412,쇼핑업,537
업종별,경남,202412,숙박업,601
업종별,경남,202412,식음료업,14085
업종별,경남,202412,여가서비스업,205
업종별,경남,202412,운송업,39
업종별,경남,202412,의료웰니스업,1199
업종별,경남,202501,쇼핑업,452
업종별,경남,202501,숙박업,690
업종별,경남,202501,식음료업,3357
업종별,경남,202501,여가서비스업,9
업종별,경남,202501,의료웰니스업,2888
업종별,경남,202502,쇼핑업,244
업종별,경남,202502,숙박업,1850
업종별,경남,202502,식음료업,3051
업종별,경남,202502,의료웰니스업,3807
업종별,경남,202503,쇼핑업,1616
업종별,경남,202503,숙박업,1580
업종별,경남,202503,식음료업,12403
업종별,경남,202503,여가서비스업,1941
업종별,경남,202503,운송업,73
업종별,경남,202503,의료웰니스업,899
업종별,경남,202504,쇼핑업,4216
업종별,경남,202504,숙박업,940
업종별,경남,202504,식음료업,11765
업종별,경남,202504,여가서비스업,87
업종별,경남,202504,운송업,18
업종별,경남,202504,의료웰니스업,1244
업종별,경남,202505,쇼핑업,5188
업종별,경남,202505,숙박업,280
업종별,경남,202505,식음료업,12319
업종별,경남,202505,여가서비스업,403
업종별,경남,202505,운송업,23
업종별,경남,202505,의료웰니스업,1688
업종별,경남,202506,쇼핑업,3699
업종별,경남,202506,숙박업,22
업종별,경남,202506,식음료업,10947
업종별,경남,202506,운송업,27
업종별,경남,202506,의료웰니스업,1156
업종별,경남,202507,쇼핑업,7754
업종별,경남,202507,숙박업,138
업종별,경남,202507,식음료업,4110
업종별,경남,202507,여가서비스업,25
업종별,경남,202507,의료웰니스업,1397
업종별,경남,202508,쇼핑업,7086
업종별,경남,202508,숙박업,3
업종별,경남,202508,식음료업,4974
업종별,경남,202508,여가서비스업,668
업종별,경남,202508,의료웰니스업,1188
업종별,경남,202509,쇼핑업,6963
업종별,경남,202509,식음료업,15078
업종별,경남,202509,여가서비스업,1103
업종별,경남,202509,운송업,211
업종별,경남,202509,의료웰니스업,3454
업종별,경남,202510,쇼핑업,7137
업종별,경남,202510,식음료업,15319
업종별,경남,202510,여가서비스업,303
업종별,경남,202510,운송업,274
업종별,경남,202510,의료웰니스업,711
업종별,경남,202511,쇼핑업,8436
업종별,경남,202511,식음료업,15671
업종별,경남,202511,여가서비스업,360
업종별,경남,202511,운송업,7
업종별,경남,202511,의료웰니스업,1437
업종별,경남,202512,쇼핑업,8742
업종별,경남,202512,식음료업,14447
업종별,경남,202512,여가서비스업,95
업종별,경남,202512,운송업,35
업종별,경남,202512,의료웰니스업,1439
업종별,경남,202601,쇼핑업,10438
업종별,경남,202601,숙박업,2
업종별,경남,202601,식음료업,4426
업종별,경남,202601,운송업,115
업종별,경남,202601,의료웰니스업,1232
업종별,경남,202602,쇼핑업,9057
업종별,경남,202602,식음료업,2897
업종별,경남,202602,여가서비스업,300
업종별,경남,202602,의료웰니스업,1463
업종별,경남,202603,쇼핑업,4549
업종별,경남,202603,식음료업,13486
업종별,경남,202603,여가서비스업,562
업종별,경남,202603,운송업,74
업종별,경남,202603,의료웰니스업,788
업종별,경남,202604,쇼핑업,11151
업종별,경남,202604,숙박업,312
업종별,경남,202604,식음료업,15687
업종별,경남,202604,여가서비스업,534
업종별,경남,202604,의료웰니스업,1152
업종별,경남,202605,쇼핑업,14609
업종별,경남,202605,숙박업,27
업종별,경남,202605,식음료업,29064
업종별,경남,202605,여가서비스업,890
업종별,경남,202605,운송업,33
업종별,경남,202605,의료웰니스업,2457
업종별,경남,202606,쇼핑업,13939
업종별,경남,202606,식음료업,16910
업종별,경남,202606,여가서비스업,485
업종별,경남,202606,운송업,185
업종별,경남,202606,의료웰니스업,3882
업종별,경남,202607,쇼핑업,16306
업종별,경남,202607,숙박업,340
업종별,경남,202607,식음료업,7288
업종별,경남,202607,여가서비스업,113
업종별,경남,202607,운송업,35
업종별,경남,202607,의료웰니스업,7149
업종별,경남,202608,쇼핑업,18938
업종별,경남,202608,숙박업,870
업종별,경남,202608,식음료업,9710
업종별,경남,202608,여가서비스업,28
업종별,경남,202608,운송업,19
업종별,경남,202608,의료웰니스업,3719
국적별,경남,202401,중국,2413
국적별,경남,202401,기타,735
국적별,경남,202402,중국,1909
국적별,경남,202402,기타,446
국적별,경남,202403,중국,10985
국적별,경남,202403,기타,366
국적별,경남,202404,중국,9371
국적별,경남,202404,기타,260
국적별,경남,202404,홍콩,7
국적별,경남,202405,중국,9064
국적별,경남,202405,기타,57
국적별,경남,202406,중국,6123
국적별,경남,202406,기타,56
국적별,경남,202407,중국,3982
국적별,경남,202407,기타,24
국적별,경남,202408,중국,4078
국적별,경남,202408,기타,144
국적별,경남,202409,중국,11350
국적별,경남,202409,기타,458
국적별,경남,202410,중국,16207
국적별,경남,202410,기타,228
국적별,경남,202411,중국,16776
국적별,경남,202411,기타,209
국적별,경남,202412,중국,16525
국적별,경남,202412,기타,141
국적별,경남,202501,중국,7301
국적별,경남,202501,기타,68
국적별,경남,202501,대만,26
국적별,경남,202502,중국,8640
국적별,경남,202502,대만,221
국적별,경남,202502,기타,90
국적별,경남,202503,중국,17475
국적별,경남,202503,대만,847
국적별,경남,202503,기타,189
국적별,경남,202504,중국,17104
국적별,경남,202504,대만,953
국적별,경남,202504,기타,191
국적별,경남,202504,홍콩,22
국적별,경남,202505,중국,19464
국적별,경남,202505,대만,319
국적별,경남,202505,기타,117
국적별,경남,202506,중국,15386
국적별,경남,202506,대만,237
국적별,경남,202506,기타,212
국적별,경남,202506,홍콩,17
국적별,경남,202507,중국,12848
국적별,경남,202507,대만,366
국적별,경남,202507,기타,209
국적별,경남,202508,중국,12888
국적별,경남,202508,대만,660
국적별,경남,202508,기타,206
국적별,경남,202508,홍콩,165
국적별,경남,202509,중국,25409
국적별,경남,202509,대만,1139
국적별,경남,202509,기타,261
국적별,경남,202510,중국,21529
국적별,경남,202510,대만,1963
국적별,경남,202510,기타,253
국적별,경남,202511,중국,24632
국적별,경남,202511,대만,1081
국적별,경남,202511,기타,197
국적별,경남,202512,중국,23763
국적별,경남,202512,기타,631
국적별,경남,202512,대만,353
국적별,경남,202512,홍콩,12
국적별,경남,202601,중국,15483
국적별,경남,202601,기타,378
국적별,경남,202601,대만,351
국적별,경남,202602,중국,13380
국적별,경남,202602,기타,208
국적별,경남,202602,대만,74
국적별,경남,202602,홍콩,55
국적별,경남,202603,중국,18482
국적별,경남,202603,대만,645
국적별,경남,202603,기타,250
국적별,경남,202603,홍콩,82
국적별,경남,202604,중국,27446
국적별,경남,202604,기타,680
국적별,경남,202604,대만,567
국적별,경남,202604,홍콩,142
국적별,경남,202605,중국,45568
국적별,경남,202605,기타,1043
국적별,경남,202605,대만,439
국적별,경남,202605,홍콩,29
국적별,경남,202606,중국,33859
국적별,경남,202606,기타,1090
국적별,경남,202606,대만,427
국적별,경남,202606,홍콩,25
국적별,경남,202607,중국,29642
국적별,경남,202607,기타,1167
국적별,경남,202607,대만,422
국적별,경남,202607,홍콩,0
국적별,경남,202608,중국,31022
국적별,경남,202608,기타,1546
국적별,경남,202608,대만,715
업종별,제주,202401,전체,187730
업종별,제주,202402,전체,307748
업종별,제주,202403,전체,314477
업종별,제주,202404,전체,398068
업종별,제주,202405,전체,473583
업종별,제주,202406,전체,366208
업종별,제주,202407,전체,421621
업종별,제주,202408,전체,470276
업종별,제주,202409,전체,412883
업종별,제주,202410,전체,450083
업종별,제주,202411,전체,366896
업종별,제주,202412,전체,553576
업종별,제주,202501,전체,560080
업종별,제주,202502,전체,490448
업종별,제주,202503,전체,600222
업종별,제주,202504,전체,1001087
업종별,제주,202505,전체,1106156
업종별,제주,202506,전체,1112587
업종별,제주,202507,전체,1462661
업종별,제주,202508,전체,1552496
업종별,제주,202509,전체,1308141
업종별,제주,202510,전체,1195340
업종별,제주,202511,전체,768251
업종별,제주,202512,전체,839806
업종별,제주,202601,전체,946420
업종별,제주,202602,전체,1119853
업종별,제주,202603,전체,1231305
업종별,제주,202604,전체,1535547
업종별,제주,202605,전체,1558794
업종별,제주,202606,전체,1683904
업종별,제주,202607,전체,1988132
업종별,제주,202608,전체,1780581
업종별,제주,202401,쇼핑업,111654
업종별,제주,202401,숙박업,933
업종별,제주,202401,식음료업,67730
업종별,제주,202401,여행업,396
업종별,제주,202401,운송업,5673
업종별,제주,202401,의료웰니스업,1343
업종별,제주,202402,쇼핑업,179030
업종별,제주,202402,숙박업,746
업종별,제주,202402,식음료업,105943
업종별,제주,202402,여가서비스업,15
업종별,제주,202402,여행업,616
업종별,제주,202402,운송업,16665
업종별,제주,202402,의료웰니스업,4732
업종별,제주,202403,쇼핑업,169172
업종별,제주,202403,숙박업,776
업종별,제주,202403,식음료업,98158
업종별,제주,202403,여행업,981
업종별,제주,202403,운송업,30906
업종별,제주,202403,의료웰니스업,14483
업종별,제주,202404,쇼핑업,243614
업종별,제주,202404,숙박업,2219
업종별,제주,202404,식음료업,103608
업종별,제주,202404,여가서비스업,29
업종별,제주,202404,여행업,631
업종별,제주,202404,운송업,36100
업종별,제주,202404,의료웰니스업,11867
업종별,제주,202405,쇼핑업,200218
업종별,제주,202405,숙박업,2080
업종별,제주,202405,식음료업,120701
업종별,제주,202405,여가서비스업,3452
업종별,제주,202405,여행업,1034
업종별,제주,202405,운송업,121734
업종별,제주,202405,의료웰니스업,24364
업종별,제주,202406,쇼핑업,133550
업종별,제주,202406,숙박업,1065
업종별,제주,202406,식음료업,116717
업종별,제주,202406,여가서비스업,4318
업종별,제주,202406,여행업,568
업종별,제주,202406,운송업,76689
업종별,제주,202406,의료웰니스업,33301
업종별,제주,202407,쇼핑업,125066
업종별,제주,202407,숙박업,1192
업종별,제주,202407,식음료업,168905
업종별,제주,202407,여가서비스업,9414
업종별,제주,202407,여행업,358
업종별,제주,202407,운송업,89379
업종별,제주,202407,의료웰니스업,27308
업종별,제주,202408,쇼핑업,112965
업종별,제주,202408,숙박업,2841
업종별,제주,202408,식음료업,195661
업종별,제주,202408,여가서비스업,14768
업종별,제주,202408,여행업,676
업종별,제주,202408,운송업,120524
업종별,제주,202408,의료웰니스업,22841
업종별,제주,202409,쇼핑업,104312
업종별,제주,202409,숙박업,2615
업종별,제주,202409,식음료업,164302
업종별,제주,202409,여가서비스업,7779
업종별,제주,202409,여행업,75
업종별,제주,202409,운송업,108498
업종별,제주,202409,의료웰니스업,25302
업종별,제주,202410,쇼핑업,112056
업종별,제주,202410,숙박업,2039
업종별,제주,202410,식음료업,164293
업종별,제주,202410,여가서비스업,7050
업종별,제주,202410,여행업,27
업종별,제주,202410,운송업,134901
업종별,제주,202410,의료웰니스업,29716
업종별,제주,202411,쇼핑업,85208
업종별,제주,202411,숙박업,866
업종별,제주,202411,식음료업,123532
업종별,제주,202411,여가서비스업,2746
업종별,제주,202411,여행업,23
업종별,제주,202411,운송업,93863
업종별,제주,202411,의료웰니스업,60658
업종별,제주,202412,쇼핑업,100013
업종별,제주,202412,숙박업,1353
업종별,제주,202412,식음료업,171814
업종별,제주,202412,여가서비스업,3102
업종별,제주,202412,여행업,74
업종별,제주,202412,운송업,119621
업종별,제주,202412,의료웰니스업,157600
업종별,제주,202501,쇼핑업,94684
업종별,제주,202501,숙박업,1262
업종별,제주,202501,식음료업,229284
업종별,제주,202501,여가서비스업,6755
업종별,제주,202501,여행업,209
업종별,제주,202501,운송업,113710
업종별,제주,202501,의료웰니스업,114177
업종별,제주,202502,쇼핑업,84767
업종별,제주,202502,숙박업,849
업종별,제주,202502,식음료업,185647
업종별,제주,202502,여가서비스업,10048
업종별,제주,202502,여행업,104
업종별,제주,202502,운송업,81125
업종별,제주,202502,의료웰니스업,127909
업종별,제주,202503,쇼핑업,135728
업종별,제주,202503,숙박업,1875
업종별,제주,202503,식음료업,191707
업종별,제주,202503,여가서비스업,6814
업종별,제주,202503,여행업,55
업종별,제주,202503,운송업,89477
업종별,제주,202503,의료웰니스업,174566
업종별,제주,202504,쇼핑업,248329
업종별,제주,202504,숙박업,1900
업종별,제주,202504,식음료업,287085
업종별,제주,202504,여가서비스업,10762
업종별,제주,202504,여행업,176
업종별,제주,202504,운송업,163206
업종별,제주,202504,의료웰니스업,289628
업종별,제주,202505,쇼핑업,298047
업종별,제주,202505,숙박업,1400
업종별,제주,202505,식음료업,346915
업종별,제주,202505,여가서비스업,17308
업종별,제주,202505,여행업,188
업종별,제주,202505,운송업,118501
업종별,제주,202505,의료웰니스업,323798
업종별,제주,202506,쇼핑업,308956
업종별,제주,202506,숙박업,1612
업종별,제주,202506,식음료업,417704
업종별,제주,202506,여가서비스업,18884
업종별,제주,202506,여행업,173
업종별,제주,202506,운송업,136334
업종별,제주,202506,의료웰니스업,228925
업종별,제주,202507,쇼핑업,398714
업종별,제주,202507,숙박업,2770
업종별,제주,202507,식음료업,571083
업종별,제주,202507,여가서비스업,28251
업종별,제주,202507,여행업,2532
업종별,제주,202507,운송업,155845
업종별,제주,202507,의료웰니스업,303465
업종별,제주,202508,쇼핑업,376367
업종별,제주,202508,숙박업,2691
업종별,제주,202508,식음료업,586968
업종별,제주,202508,여가서비스업,30921
업종별,제주,202508,여행업,3194
업종별,제주,202508,운송업,181501
업종별,제주,202508,의료웰니스업,370854
업종별,제주,202509,쇼핑업,288601
업종별,제주,202509,숙박업,1677
업종별,제주,202509,식음료업,448226
업종별,제주,202509,여가서비스업,15562
업종별,제주,202509,여행업,906
업종별,제주,202509,운송업,138697
업종별,제주,202509,의료웰니스업,414472
업종별,제주,202510,쇼핑업,280077
업종별,제주,202510,숙박업,1630
업종별,제주,202510,식음료업,443368
업종별,제주,202510,여가서비스업,15829
업종별,제주,202510,여행업,362
업종별,제주,202510,운송업,144944
업종별,제주,202510,의료웰니스업,309129
업종별,제주,202511,쇼핑업,187188
업종별,제주,202511,숙박업,1043
업종별,제주,202511,식음료업,247082
업종별,제주,202511,여가서비스업,6088
업종별,제주,202511,여행업,123
업종별,제주,202511,운송업,84330
업종별,제주,202511,의료웰니스업,242396
업종별,제주,202512,쇼핑업,186728
업종별,제주,202512,숙박업,1127
업종별,제주,202512,식음료업,264419
업종별,제주,202512,여가서비스업,8363
업종별,제주,202512,여행업,190
업종별,제주,202512,운송업,95760
업종별,제주,202512,의료웰니스업,283220
업종별,제주,202601,쇼핑업,192574
업종별,제주,202601,숙박업,1327
업종별,제주,202601,식음료업,304060
업종별,제주,202601,여가서비스업,10591
업종별,제주,202601,여행업,875
업종별,제주,202601,운송업,123798
업종별,제주,202601,의료웰니스업,313195
업종별,제주,202602,쇼핑업,296810
업종별,제주,202602,숙박업,2796
업종별,제주,202602,식음료업,404021
업종별,제주,202602,여가서비스업,16887
업종별,제주,202602,여행업,682
업종별,제주,202602,운송업,138660
업종별,제주,202602,의료웰니스업,259997
업종별,제주,202603,쇼핑업,306946
업종별,제주,202603,숙박업,4201
업종별,제주,202603,식음료업,355836
업종별,제주,202603,여가서비스업,12280
업종별,제주,202603,여행업,1110
업종별,제주,202603,운송업,172503
업종별,제주,202603,의료웰니스업,378429
업종별,제주,202604,쇼핑업,428331
업종별,제주,202604,숙박업,4090
업종별,제주,202604,식음료업,441140
업종별,제주,202604,여가서비스업,17622
업종별,제주,202604,여행업,978
업종별,제주,202604,운송업,217768
업종별,제주,202604,의료웰니스업,425618
업종별,제주,202605,쇼핑업,447183
업종별,제주,202605,숙박업,3780
업종별,제주,202605,식음료업,523255
업종별,제주,202605,여가서비스업,19454
업종별,제주,202605,여행업,545
업종별,제주,202605,운송업,205749
업종별,제주,202605,의료웰니스업,358829
업종별,제주,202606,쇼핑업,442747
업종별,제주,202606,숙박업,3912
업종별,제주,202606,식음료업,575945
업종별,제주,202606,여가서비스업,25688
업종별,제주,202606,여행업,2552
업종별,제주,202606,운송업,213205
업종별,제주,202606,의료웰니스업,419855
업종별,제주,202607,쇼핑업,592140
업종별,제주,202607,숙박업,6055
업종별,제주,202607,식음료업,772045
업종별,제주,202607,여가서비스업,34596
업종별,제주,202607,여행업,366
업종별,제주,202607,운송업,198042
업종별,제주,202607,의료웰니스업,384887
업종별,제주,202608,쇼핑업,466768
업종별,제주,202608,숙박업,15307
업종별,제주,202608,식음료업,799331
업종별,제주,202608,여가서비스업,39829
업종별,제주,202608,여행업,776
업종별,제주,202608,운송업,192192
업종별,제주,202608,의료웰니스업,266378
국적별,제주,202401,중국,187569
국적별,제주,202401,홍콩,161
국적별,제주,202402,중국,305625
국적별,제주,202402,홍콩,2006
국적별,제주,202402,기타,116
국적별,제주,202403,중국,313015
국적별,제주,202403,홍콩,879
국적별,제주,202403,기타,584
국적별,제주,202404,중국,391987
국적별,제주,202404,홍콩,4820
국적별,제주,202404,기타,1261
국적별,제주,202405,중국,462186
국적별,제주,202405,홍콩,8771
국적별,제주,202405,기타,2626
국적별,제주,202406,중국,356184
국적별,제주,202406,홍콩,8499
국적별,제주,202406,기타,1525
국적별,제주,202407,중국,414696
국적별,제주,202407,홍콩,5920
국적별,제주,202407,기타,1005
국적별,제주,202408,중국,464488
국적별,제주,202408,홍콩,5273
국적별,제주,202408,기타,515
국적별,제주,202409,중국,403647
국적별,제주,202409,홍콩,6694
국적별,제주,202409,기타,2542
국적별,제주,202410,중국,437251
국적별,제주,202410,홍콩,8792
국적별,제주,202410,기타,4040
국적별,제주,202411,중국,357059
국적별,제주,202411,홍콩,6791
국적별,제주,202411,기타,3046
국적별,제주,202412,중국,542218
국적별,제주,202412,홍콩,7482
국적별,제주,202412,기타,3876
국적별,제주,202501,중국,548760
국적별,제주,202501,기타,5017
국적별,제주,202501,홍콩,3994
국적별,제주,202501,대만,2310
국적별,제주,202502,중국,484544
국적별,제주,202502,대만,2759
국적별,제주,202502,홍콩,1938
국적별,제주,202502,기타,1207
국적별,제주,202503,중국,584666
국적별,제주,202503,대만,7286
국적별,제주,202503,홍콩,5158
국적별,제주,202503,기타,3112
국적별,제주,202504,중국,978228
국적별,제주,202504,대만,10095
국적별,제주,202504,홍콩,9514
국적별,제주,202504,기타,3250
국적별,제주,202505,중국,1079877
국적별,제주,202505,대만,11893
국적별,제주,202505,홍콩,10291
국적별,제주,202505,기타,4094
국적별,제주,202506,중국,1083079
국적별,제주,202506,홍콩,13827
국적별,제주,202506,대만,11188
국적별,제주,202506,기타,4493
국적별,제주,202507,중국,1421145
국적별,제주,202507,대만,17579
국적별,제주,202507,홍콩,17414
국적별,제주,202507,기타,6523
국적별,제주,202508,중국,1509389
국적별,제주,202508,대만,22218
국적별,제주,202508,홍콩,15626
국적별,제주,202508,기타,5264
국적별,제주,202509,중국,1264243
국적별,제주,202509,대만,28267
국적별,제주,202509,홍콩,10769
국적별,제주,202509,기타,4862
국적별,제주,202510,중국,1159245
국적별,제주,202510,대만,17414
국적별,제주,202510,홍콩,9757
국적별,제주,202510,기타,8923
국적별,제주,202511,중국,739327
국적별,제주,202511,대만,14912
국적별,제주,202511,홍콩,8735
국적별,제주,202511,기타,5276
국적별,제주,202512,중국,812137
국적별,제주,202512,대만,14801
국적별,제주,202512,홍콩,7323
국적별,제주,202512,기타,5545
국적별,제주,202601,중국,916470
국적별,제주,202601,대만,15654
국적별,제주,202601,홍콩,9436
국적별,제주,202601,기타,4860
국적별,제주,202602,중국,1082923
국적별,제주,202602,대만,25505
국적별,제주,202602,홍콩,8267
국적별,제주,202602,기타,3158
국적별,제주,202603,중국,1192491
국적별,제주,202603,대만,18060
국적별,제주,202603,홍콩,14677
국적별,제주,202603,기타,6077
국적별,제주,202604,중국,1503883
국적별,제주,202604,대만,14065
국적별,제주,202604,홍콩,10501
국적별,제주,202604,기타,7098
국적별,제주,202605,중국,1514146
국적별,제주,202605,홍콩,18416
국적별,제주,202605,대만,16032
국적별,제주,202605,기타,10200
국적별,제주,202606,중국,1637198
국적별,제주,202606,홍콩,21207
국적별,제주,202606,대만,18374
국적별,제주,202606,기타,7126
국적별,제주,202607,중국,1938366
국적별,제주,202607,홍콩,25863
국적별,제주,202607,대만,19169
국적별,제주,202607,기타,4734
국적별,제주,202608,중국,1734545
국적별,제주,202608,홍콩,19201
국적별,제주,202608,대만,16469
국적별,제주,202608,기타,10366
업종별,청주상당,202401,전체,0
업종별,청주상당,202406,전체,15
업종별,청주상당,202409,전체,72
업종별,청주상당,202410,전체,197
업종별,청주상당,202411,전체,138
업종별,청주상당,202412,전체,191
업종별,청주상당,202501,전체,205
업종별,청주상당,202502,전체,91
업종별,청주상당,202503,전체,1081
업종별,청주상당,202504,전체,280
업종별,청주상당,202505,전체,206
업종별,청주상당,202506,전체,429
업종별,청주상당,202507,전체,1262
업종별,청주상당,202508,전체,1155
업종별,청주상당,202509,전체,2815
업종별,청주상당,202510,전체,1198
업종별,청주상당,202511,전체,5221
업종별,청주상당,202512,전체,1247
업종별,청주상당,202601,전체,469
업종별,청주상당,202602,전체,834
업종별,청주상당,202603,전체,897
업종별,청주상당,202604,전체,1959
업종별,청주상당,202605,전체,893
업종별,청주상당,202606,전체,860
업종별,청주상당,202607,전체,1476
업종별,청주상당,202608,전체,2968
업종별,청주상당,202401,식음료업,0
업종별,청주상당,202406,식음료업,15
업종별,청주상당,202409,쇼핑업,62
업종별,청주상당,202409,식음료업,11
업종별,청주상당,202410,쇼핑업,169
업종별,청주상당,202410,식음료업,28
업종별,청주상당,202411,쇼핑업,138
업종별,청주상당,202412,쇼핑업,146
업종별,청주상당,202412,식음료업,3
업종별,청주상당,202412,여가서비스업,23
업종별,청주상당,202412,운송업,20
업종별,청주상당,202501,쇼핑업,205
업종별,청주상당,202502,쇼핑업,91
업종별,청주상당,202503,쇼핑업,894
업종별,청주상당,202503,식음료업,39
업종별,청주상당,202503,운송업,40
업종별,청주상당,202503,의료웰니스업,108
업종별,청주상당,202504,쇼핑업,224
업종별,청주상당,202504,식음료업,39
업종별,청주상당,202504,의료웰니스업,17
업종별,청주상당,202505,쇼핑업,147
업종별,청주상당,202505,식음료업,17
업종별,청주상당,202505,의료웰니스업,43
업종별,청주상당,202506,쇼핑업,385
업종별,청주상당,202506,식음료업,45
업종별,청주상당,202507,쇼핑업,749
업종별,청주상당,202507,식음료업,513
업종별,청주상당,202508,쇼핑업,675
업종별,청주상당,202508,식음료업,366
업종별,청주상당,202508,의료웰니스업,114
업종별,청주상당,202509,쇼핑업,1336
업종별,청주상당,202509,식음료업,1003
업종별,청주상당,202509,의료웰니스업,476
업종별,청주상당,202510,쇼핑업,702
업종별,청주상당,202510,식음료업,462
업종별,청주상당,202510,의료웰니스업,34
업종별,청주상당,202511,쇼핑업,1113
업종별,청주상당,202511,식음료업,434
업종별,청주상당,202511,의료웰니스업,3674
업종별,청주상당,202512,쇼핑업,701
업종별,청주상당,202512,식음료업,494
업종별,청주상당,202512,의료웰니스업,53
업종별,청주상당,202601,쇼핑업,139
업종별,청주상당,202601,식음료업,330
업종별,청주상당,202602,쇼핑업,520
업종별,청주상당,202602,식음료업,315
업종별,청주상당,202603,쇼핑업,487
업종별,청주상당,202603,식음료업,253
업종별,청주상당,202603,의료웰니스업,157
업종별,청주상당,202604,쇼핑업,1432
업종별,청주상당,202604,식음료업,435
업종별,청주상당,202604,의료웰니스업,92
업종별,청주상당,202605,쇼핑업,598
업종별,청주상당,202605,식음료업,280
업종별,청주상당,202605,의료웰니스업,15
업종별,청주상당,202606,쇼핑업,670
업종별,청주상당,202606,식음료업,186
업종별,청주상당,202606,의료웰니스업,4
업종별,청주상당,202607,쇼핑업,688
업종별,청주상당,202607,식음료업,738
업종별,청주상당,202607,의료웰니스업,50
업종별,청주상당,202608,쇼핑업,577
업종별,청주상당,202608,식음료업,2120
업종별,청주상당,202608,의료웰니스업,271
국적별,청주상당,202401,중국,0
국적별,청주상당,202406,중국,15
국적별,청주상당,202409,중국,72
국적별,청주상당,202410,중국,197
국적별,청주상당,202411,중국,138
국적별,청주상당,202412,중국,191
국적별,청주상당,202501,중국,171
국적별,청주상당,202501,대만,34
국적별,청주상당,202502,중국,49
국적별,청주상당,202502,대만,43
국적별,청주상당,202503,중국,658
국적별,청주상당,202503,대만,423
국적별,청주상당,202504,중국,169
국적별,청주상당,202504,대만,111
국적별,청주상당,202505,중국,123
국적별,청주상당,202505,대만,84
국적별,청주상당,202506,대만,319
국적별,청주상당,202506,중국,111
국적별,청주상당,202507,대만,1095
국적별,청주상당,202507,중국,141
국적별,청주상당,202507,홍콩,26
국적별,청주상당,202508,대만,1097
국적별,청주상당,202508,중국,58
국적별,청주상당,202509,대만,2676
국적별,청주상당,202509,중국,139
국적별,청주상당,202510,대만,1030
국적별,청주상당,202510,중국,168
국적별,청주상당,202511,중국,3986
국적별,청주상당,202511,대만,1194
국적별,청주상당,202511,기타,41
국적별,청주상당,202512,대만,793
국적별,청주상당,202512,중국,302
국적별,청주상당,202512,기타,153
국적별,청주상당,202601,대만,412
국적별,청주상당,202601,중국,57
국적별,청주상당,202602,대만,690
국적별,청주상당,202602,중국,139
국적별,청주상당,202602,기타,5
국적별,청주상당,202603,중국,449
국적별,청주상당,202603,대만,438
국적별,청주상당,202603,기타,10
국적별,청주상당,202604,대만,1366
국적별,청주상당,202604,중국,555
국적별,청주상당,202604,기타,38
국적별,청주상당,202605,중국,638
국적별,청주상당,202605,대만,255
국적별,청주상당,202606,대만,511
국적별,청주상당,202606,중국,348
국적별,청주상당,202607,중국,821
국적별,청주상당,202607,대만,639
국적별,청주상당,202607,홍콩,16
국적별,청주상당,202608,중국,2392
국적별,청주상당,202608,대만,537
국적별,청주상당,202608,기타,39
업종별,청주서원,202404,전체,206
업종별,청주서원,202405,전체,26
업종별,청주서원,202406,전체,112
업종별,청주서원,202409,전체,201
업종별,청주서원,202410,전체,166
업종별,청주서원,202411,전체,398
업종별,청주서원,202412,전체,134
업종별,청주서원,202503,전체,177
업종별,청주서원,202504,전체,102
업종별,청주서원,202505,전체,70
업종별,청주서원,202508,전체,5
업종별,청주서원,202509,전체,398
업종별,청주서원,202510,전체,203
업종별,청주서원,202511,전체,45
업종별,청주서원,202512,전체,34
업종별,청주서원,202603,전체,152
업종별,청주서원,202604,전체,12
업종별,청주서원,202605,전체,96
업종별,청주서원,202606,전체,43
업종별,청주서원,202608,전체,1
업종별,청주서원,202404,식음료업,206
업종별,청주서원,202405,식음료업,26
업종별,청주서원,202406,식음료업,112
업종별,청주서원,202409,식음료업,193
업종별,청주서원,202409,여가서비스업,8
업종별,청주서원,202410,식음료업,166
업종별,청주서원,202411,식음료업,398
업종별,청주서원,202412,식음료업,134
업종별,청주서원,202503,식음료업,177
업종별,청주서원,202504,식음료업,102
업종별,청주서원,202505,쇼핑업,16
업종별,청주서원,202505,식음료업,55
업종별,청주서원,202508,쇼핑업,4
업종별,청주서원,202508,식음료업,1
업종별,청주서원,202509,쇼핑업,20
업종별,청주서원,202509,식음료업,378
업종별,청주서원,202510,쇼핑업,6
업종별,청주서원,202510,식음료업,197
업종별,청주서원,202511,쇼핑업,5
업종별,청주서원,202511,식음료업,40
업종별,청주서원,202512,의료웰니스업,34
업종별,청주서원,202603,쇼핑업,73
업종별,청주서원,202603,식음료업,79
업종별,청주서원,202604,쇼핑업,2
업종별,청주서원,202604,식음료업,10
업종별,청주서원,202605,쇼핑업,7
업종별,청주서원,202605,식음료업,89
업종별,청주서원,202606,쇼핑업,28
업종별,청주서원,202606,식음료업,15
업종별,청주서원,202608,쇼핑업,1
국적별,청주서원,202404,중국,206
국적별,청주서원,202405,중국,26
국적별,청주서원,202406,중국,112
국적별,청주서원,202409,중국,201
국적별,청주서원,202410,중국,166
국적별,청주서원,202411,중국,398
국적별,청주서원,202412,중국,134
국적별,청주서원,202503,중국,177
국적별,청주서원,202504,중국,102
국적별,청주서원,202505,중국,55
국적별,청주서원,202505,대만,16
국적별,청주서원,202508,대만,4
국적별,청주서원,202508,중국,1
국적별,청주서원,202509,중국,378
국적별,청주서원,202509,대만,20
국적별,청주서원,202510,중국,197
국적별,청주서원,202510,대만,6
국적별,청주서원,202511,중국,40
국적별,청주서원,202511,대만,5
국적별,청주서원,202512,대만,34
국적별,청주서원,202603,중국,79
국적별,청주서원,202603,대만,73
국적별,청주서원,202604,중국,12
국적별,청주서원,202605,중국,92
국적별,청주서원,202605,대만,4
국적별,청주서원,202606,중국,25
국적별,청주서원,202606,대만,18
국적별,청주서원,202608,중국,1
업종별,청주흥덕,202404,전체,8
업종별,청주흥덕,202408,전체,6
업종별,청주흥덕,202409,전체,31
업종별,청주흥덕,202411,전체,0
업종별,청주흥덕,202501,전체,108
업종별,청주흥덕,202502,전체,113
업종별,청주흥덕,202503,전체,5554
업종별,청주흥덕,202504,전체,3522
업종별,청주흥덕,202505,전체,1924
업종별,청주흥덕,202506,전체,2652
업종별,청주흥덕,202507,전체,707
업종별,청주흥덕,202508,전체,1905
업종별,청주흥덕,202509,전체,3145
업종별,청주흥덕,202510,전체,6415
업종별,청주흥덕,202511,전체,3539
업종별,청주흥덕,202512,전체,1573
업종별,청주흥덕,202601,전체,194
업종별,청주흥덕,202602,전체,23
업종별,청주흥덕,202603,전체,3267
업종별,청주흥덕,202604,전체,2583
업종별,청주흥덕,202605,전체,1701
업종별,청주흥덕,202606,전체,1785
업종별,청주흥덕,202607,전체,172
업종별,청주흥덕,202608,전체,864
업종별,청주흥덕,202404,의료웰니스업,8
업종별,청주흥덕,202408,식음료업,6
업종별,청주흥덕,202409,쇼핑업,31
업종별,청주흥덕,202411,의료웰니스업,0
업종별,청주흥덕,202501,쇼핑업,92
업종별,청주흥덕,202501,식음료업,16
업종별,청주흥덕,202502,쇼핑업,87
업종별,청주흥덕,202502,식음료업,25
업종별,청주흥덕,202503,쇼핑업,82
업종별,청주흥덕,202503,식음료업,63
업종별,청주흥덕,202503,의료웰니스업,5409
업종별,청주흥덕,202504,쇼핑업,2
업종별,청주흥덕,202504,의료웰니스업,3521
업종별,청주흥덕,202505,쇼핑업,75
업종별,청주흥덕,202505,식음료업,11
업종별,청주흥덕,202505,의료웰니스업,1839
업종별,청주흥덕,202506,쇼핑업,204
업종별,청주흥덕,202506,식음료업,11
업종별,청주흥덕,202506,의료웰니스업,2437
업종별,청주흥덕,202507,쇼핑업,65
업종별,청주흥덕,202507,의료웰니스업,641
업종별,청주흥덕,202508,쇼핑업,161
업종별,청주흥덕,202508,식음료업,4
업종별,청주흥덕,202508,의료웰니스업,1740
업종별,청주흥덕,202509,쇼핑업,825
업종별,청주흥덕,202509,식음료업,52
업종별,청주흥덕,202509,의료웰니스업,2268
업종별,청주흥덕,202510,쇼핑업,143
업종별,청주흥덕,202510,식음료업,31
업종별,청주흥덕,202510,의료웰니스업,6241
업종별,청주흥덕,202511,쇼핑업,199
업종별,청주흥덕,202511,식음료업,32
업종별,청주흥덕,202511,의료웰니스업,3308
업종별,청주흥덕,202512,쇼핑업,90
업종별,청주흥덕,202512,식음료업,21
업종별,청주흥덕,202512,의료웰니스업,1462
업종별,청주흥덕,202601,쇼핑업,62
업종별,청주흥덕,202601,식음료업,113
업종별,청주흥덕,202601,의료웰니스업,19
업종별,청주흥덕,202602,쇼핑업,7
업종별,청주흥덕,202602,식음료업,15
업종별,청주흥덕,202603,쇼핑업,35
업종별,청주흥덕,202603,식음료업,11
업종별,청주흥덕,202603,여가서비스업,30
업종별,청주흥덕,202603,의료웰니스업,3191
업종별,청주흥덕,202604,쇼핑업,160
업종별,청주흥덕,202604,식음료업,4
업종별,청주흥덕,202604,의료웰니스업,2419
업종별,청주흥덕,202605,쇼핑업,57
업종별,청주흥덕,202605,식음료업,43
업종별,청주흥덕,202605,의료웰니스업,1601
업종별,청주흥덕,202606,쇼핑업,39
업종별,청주흥덕,202606,식음료업,4
업종별,청주흥덕,202606,의료웰니스업,1742
업종별,청주흥덕,202607,쇼핑업,138
업종별,청주흥덕,202607,의료웰니스업,34
업종별,청주흥덕,202608,쇼핑업,172
업종별,청주흥덕,202608,식음료업,18
업종별,청주흥덕,202608,의료웰니스업,674
국적별,청주흥덕,202404,중국,8
국적별,청주흥덕,202408,중국,6
국적별,청주흥덕,202409,중국,31
국적별,청주흥덕,202411,중국,0
국적별,청주흥덕,202501,대만,84
국적별,청주흥덕,202501,중국,24
국적별,청주흥덕,202502,대만,113
국적별,청주흥덕,202503,중국,5409
국적별,청주흥덕,202503,대만,145
국적별,청주흥덕,202504,중국,3521
국적별,청주흥덕,202504,대만,2
국적별,청주흥덕,202505,중국,1842
국적별,청주흥덕,202505,대만,82
국적별,청주흥덕,202506,중국,2498
국적별,청주흥덕,202506,대만,155
국적별,청주흥덕,202507,중국,641
국적별,청주흥덕,202507,대만,65
국적별,청주흥덕,202508,중국,1746
국적별,청주흥덕,202508,대만,159
국적별,청주흥덕,202509,중국,1907
국적별,청주흥덕,202509,대만,1238
국적별,청주흥덕,202510,중국,6241
국적별,청주흥덕,202510,대만,170
국적별,청주흥덕,202510,기타,4
국적별,청주흥덕,202511,중국,3329
국적별,청주흥덕,202511,대만,178
국적별,청주흥덕,202511,기타,32
국적별,청주흥덕,202512,중국,1462
국적별,청주흥덕,202512,대만,111
국적별,청주흥덕,202601,대만,175
국적별,청주흥덕,202601,중국,19
국적별,청주흥덕,202602,대만,15
국적별,청주흥덕,202602,중국,8
국적별,청주흥덕,202603,중국,3221
국적별,청주흥덕,202603,대만,46
국적별,청주흥덕,202604,중국,2429
국적별,청주흥덕,202604,대만,154
국적별,청주흥덕,202605,중국,1656
국적별,청주흥덕,202605,대만,46
국적별,청주흥덕,202606,중국,1752
국적별,청주흥덕,202606,대만,33
국적별,청주흥덕,202607,대만,138
국적별,청주흥덕,202607,중국,34
국적별,청주흥덕,202608,중국,702
국적별,청주흥덕,202608,대만,160
국적별,청주흥덕,202608,기타,2
업종별,청주청원,202401,전체,60
업종별,청주청원,202402,전체,52
업종별,청주청원,202403,전체,211
업종별,청주청원,202404,전체,479
업종별,청주청원,202405,전체,328
업종별,청주청원,202406,전체,190
업종별,청주청원,202407,전체,28
업종별,청주청원,202408,전체,922
업종별,청주청원,202409,전체,2118
업종별,청주청원,202410,전체,2190
업종별,청주청원,202411,전체,3307
업종별,청주청원,202412,전체,2378
업종별,청주청원,202501,전체,339
업종별,청주청원,202502,전체,313
업종별,청주청원,202503,전체,9112
업종별,청주청원,202504,전체,2870
업종별,청주청원,202505,전체,2441
업종별,청주청원,202506,전체,2220
업종별,청주청원,202507,전체,182
업종별,청주청원,202508,전체,1280
업종별,청주청원,202509,전체,3292
업종별,청주청원,202510,전체,3648
업종별,청주청원,202511,전체,4567
업종별,청주청원,202512,전체,3747
업종별,청주청원,202601,전체,177
업종별,청주청원,202602,전체,303
업종별,청주청원,202603,전체,3984
업종별,청주청원,202604,전체,3115
업종별,청주청원,202605,전체,3831
업종별,청주청원,202606,전체,2857
업종별,청주청원,202607,전체,1404
업종별,청주청원,202608,전체,2066
업종별,청주청원,202401,식음료업,60
업종별,청주청원,202402,식음료업,52
업종별,청주청원,202403,식음료업,211
업종별,청주청원,202404,식음료업,479
업종별,청주청원,202405,식음료업,328
업종별,청주청원,202406,식음료업,177
업종별,청주청원,202406,의료웰니스업,14
업종별,청주청원,202407,식음료업,28
업종별,청주청원,202408,식음료업,922
업종별,청주청원,202409,식음료업,2082
업종별,청주청원,202409,여가서비스업,36
업종별,청주청원,202410,식음료업,2190
업종별,청주청원,202411,쇼핑업,47
업종별,청주청원,202411,식음료업,3260
업종별,청주청원,202412,식음료업,2378
업종별,청주청원,202501,쇼핑업,185
업종별,청주청원,202501,식음료업,154
업종별,청주청원,202502,쇼핑업,13
업종별,청주청원,202502,식음료업,300
업종별,청주청원,202503,쇼핑업,226
업종별,청주청원,202503,식음료업,8031
업종별,청주청원,202503,여가서비스업,855
업종별,청주청원,202504,쇼핑업,7
업종별,청주청원,202504,식음료업,2863
업종별,청주청원,202505,쇼핑업,3
업종별,청주청원,202505,식음료업,2438
업종별,청주청원,202506,쇼핑업,96
업종별,청주청원,202506,식음료업,2125
업종별,청주청원,202507,쇼핑업,145
업종별,청주청원,202507,식음료업,37
업종별,청주청원,202508,쇼핑업,283
업종별,청주청원,202508,식음료업,997
업종별,청주청원,202509,쇼핑업,305
업종별,청주청원,202509,식음료업,2955
업종별,청주청원,202509,의료웰니스업,32
업종별,청주청원,202510,쇼핑업,503
업종별,청주청원,202510,식음료업,3119
업종별,청주청원,202510,의료웰니스업,26
업종별,청주청원,202511,쇼핑업,69
업종별,청주청원,202511,식음료업,4498
업종별,청주청원,202512,쇼핑업,116
업종별,청주청원,202512,식음료업,3631
업종별,청주청원,202601,쇼핑업,177
업종별,청주청원,202602,쇼핑업,187
업종별,청주청원,202602,식음료업,116
업종별,청주청원,202603,쇼핑업,481
업종별,청주청원,202603,식음료업,3375
업종별,청주청원,202603,여가서비스업,8
업종별,청주청원,202603,의료웰니스업,120
업종별,청주청원,202604,쇼핑업,555
업종별,청주청원,202604,식음료업,2456
업종별,청주청원,202604,여가서비스업,44
업종별,청주청원,202604,의료웰니스업,60
업종별,청주청원,202605,쇼핑업,906
업종별,청주청원,202605,식음료업,2907
업종별,청주청원,202605,여가서비스업,18
업종별,청주청원,202606,쇼핑업,673
업종별,청주청원,202606,식음료업,2099
업종별,청주청원,202606,여가서비스업,85
업종별,청주청원,202607,쇼핑업,223
업종별,청주청원,202607,식음료업,1181
업종별,청주청원,202608,쇼핑업,678
업종별,청주청원,202608,식음료업,1388
국적별,청주청원,202401,중국,60
국적별,청주청원,202402,중국,52
국적별,청주청원,202403,중국,211
국적별,청주청원,202404,중국,479
국적별,청주청원,202405,중국,328
국적별,청주청원,202406,중국,190
국적별,청주청원,202407,중국,28
국적별,청주청원,202408,중국,922
국적별,청주청원,202409,중국,2118
국적별,청주청원,202410,중국,2190
국적별,청주청원,202411,중국,3307
국적별,청주청원,202412,중국,2378
국적별,청주청원,202501,대만,185
국적별,청주청원,202501,중국,154
국적별,청주청원,202502,중국,244
국적별,청주청원,202502,기타,56
국적별,청주청원,202502,대만,13
국적별,청주청원,202503,중국,8872
국적별,청주청원,202503,대만,240
국적별,청주청원,202504,중국,2863
국적별,청주청원,202504,대만,7
국적별,청주청원,202505,중국,2438
국적별,청주청원,202505,대만,3
국적별,청주청원,202506,중국,2125
국적별,청주청원,202506,대만,96
국적별,청주청원,202507,대만,155
국적별,청주청원,202507,중국,27
국적별,청주청원,202508,중국,997
국적별,청주청원,202508,대만,283
국적별,청주청원,202509,중국,3028
국적별,청주청원,202509,대만,264
국적별,청주청원,202510,중국,3145
국적별,청주청원,202510,대만,503
국적별,청주청원,202511,중국,4428
국적별,청주청원,202511,대만,138
국적별,청주청원,202512,중국,3631
국적별,청주청원,202512,대만,116
국적별,청주청원,202601,대만,177
국적별,청주청원,202602,대만,187
국적별,청주청원,202602,중국,116
국적별,청주청원,202603,중국,3840
국적별,청주청원,202603,대만,115
국적별,청주청원,202603,기타,29
국적별,청주청원,202604,중국,3054
국적별,청주청원,202604,대만,61
국적별,청주청원,202605,중국,3657
국적별,청주청원,202605,대만,174
국적별,청주청원,202606,중국,2611
국적별,청주청원,202606,대만,246
국적별,청주청원,202607,중국,1287
국적별,청주청원,202607,대만,118
국적별,청주청원,202608,중국,1724
국적별,청주청원,202608,대만,341
업종별,충주,202401,전체,58
업종별,충주,202402,전체,117
업종별,충주,202403,전체,60
업종별,충주,202404,전체,32
업종별,충주,202405,전체,36
업종별,충주,202406,전체,13
업종별,충주,202407,전체,25
업종별,충주,202408,전체,28
업종별,충주,202409,전체,294
업종별,충주,202410,전체,561
업종별,충주,202411,전체,100
업종별,충주,202412,전체,226
업종별,충주,202501,전체,125
업종별,충주,202502,전체,55
업종별,충주,202503,전체,449
업종별,충주,202504,전체,830
업종별,충주,202505,전체,623
업종별,충주,202506,전체,202
업종별,충주,202507,전체,224
업종별,충주,202508,전체,63
업종별,충주,202510,전체,239
업종별,충주,202511,전체,46
업종별,충주,202512,전체,169
업종별,충주,202601,전체,296
업종별,충주,202602,전체,691
업종별,충주,202603,전체,1971
업종별,충주,202604,전체,903
업종별,충주,202605,전체,740
업종별,충주,202606,전체,458
업종별,충주,202607,전체,651
업종별,충주,202608,전체,641
업종별,충주,202401,쇼핑업,58
업종별,충주,202402,쇼핑업,117
업종별,충주,202403,쇼핑업,45
업종별,충주,202403,식음료업,16
업종별,충주,202404,쇼핑업,32
업종별,충주,202405,쇼핑업,36
업종별,충주,202406,쇼핑업,13
업종별,충주,202407,쇼핑업,15
업종별,충주,202407,식음료업,10
업종별,충주,202408,식음료업,28
업종별,충주,202409,쇼핑업,294
업종별,충주,202410,쇼핑업,561
업종별,충주,202411,쇼핑업,100
업종별,충주,202412,쇼핑업,114
업종별,충주,202412,식음료업,112
업종별,충주,202501,쇼핑업,48
업종별,충주,202501,식음료업,77
업종별,충주,202502,쇼핑업,29
업종별,충주,202502,식음료업,26
업종별,충주,202503,쇼핑업,351
업종별,충주,202503,식음료업,98
업종별,충주,202504,쇼핑업,439
업종별,충주,202504,식음료업,391
업종별,충주,202505,쇼핑업,362
업종별,충주,202505,식음료업,261
업종별,충주,202506,쇼핑업,164
업종별,충주,202506,식음료업,38
업종별,충주,202507,쇼핑업,212
업종별,충주,202507,식음료업,12
업종별,충주,202508,쇼핑업,63
업종별,충주,202510,쇼핑업,111
업종별,충주,202510,운송업,128
업종별,충주,202511,쇼핑업,46
업종별,충주,202512,쇼핑업,137
업종별,충주,202512,식음료업,32
업종별,충주,202601,쇼핑업,281
업종별,충주,202601,식음료업,15
업종별,충주,202602,쇼핑업,691
업종별,충주,202603,쇼핑업,1781
업종별,충주,202603,의료웰니스업,190
업종별,충주,202604,쇼핑업,903
업종별,충주,202605,쇼핑업,740
업종별,충주,202606,쇼핑업,458
업종별,충주,202607,쇼핑업,591
업종별,충주,202607,식음료업,60
업종별,충주,202608,쇼핑업,641
국적별,충주,202401,기타,58
국적별,충주,202402,중국,95
국적별,충주,202402,기타,22
국적별,충주,202403,중국,60
국적별,충주,202404,중국,32
국적별,충주,202405,중국,36
국적별,충주,202406,중국,13
국적별,충주,202407,중국,25
국적별,충주,202408,중국,28
국적별,충주,202409,중국,294
국적별,충주,202410,중국,561
국적별,충주,202411,중국,100
국적별,충주,202412,중국,226
국적별,충주,202501,중국,125
국적별,충주,202502,중국,55
국적별,충주,202503,중국,449
국적별,충주,202504,중국,830
국적별,충주,202505,중국,623
국적별,충주,202506,중국,202
국적별,충주,202507,중국,224
국적별,충주,202508,중국,63
국적별,충주,202510,중국,239
국적별,충주,202511,중국,46
국적별,충주,202512,중국,169
국적별,충주,202601,중국,296
국적별,충주,202602,중국,691
국적별,충주,202603,중국,1971
국적별,충주,202604,중국,903
국적별,충주,202605,중국,740
국적별,충주,202606,중국,451
국적별,충주,202606,대만,7
국적별,충주,202607,중국,651
국적별,충주,202608,중국,641
업종별,제천,202406,전체,9
업종별,제천,202409,전체,65
업종별,제천,202410,전체,40
업종별,제천,202411,전체,72
업종별,제천,202412,전체,1148
업종별,제천,202501,전체,149
업종별,제천,202503,전체,95
업종별,제천,202504,전체,59
업종별,제천,202505,전체,56
업종별,제천,202506,전체,13
업종별,제천,202508,전체,110
업종별,제천,202509,전체,2011
업종별,제천,202510,전체,443
업종별,제천,202511,전체,189
업종별,제천,202601,전체,7
업종별,제천,202603,전체,274
업종별,제천,202604,전체,73
업종별,제천,202605,전체,184
업종별,제천,202606,전체,68
업종별,제천,202406,식음료업,9
업종별,제천,202409,식음료업,65
업종별,제천,202410,식음료업,40
업종별,제천,202411,식음료업,72
업종별,제천,202412,식음료업,28
업종별,제천,202412,의료웰니스업,1120
업종별,제천,202501,식음료업,59
업종별,제천,202501,의료웰니스업,90
업종별,제천,202503,쇼핑업,19
업종별,제천,202503,식음료업,76
업종별,제천,202504,식음료업,59
업종별,제천,202505,식음료업,56
업종별,제천,202506,식음료업,13
업종별,제천,202508,식음료업,110
업종별,제천,202509,쇼핑업,16
업종별,제천,202509,식음료업,1995
업종별,제천,202510,식음료업,443
업종별,제천,202511,쇼핑업,5
업종별,제천,202511,식음료업,159
업종별,제천,202511,의료웰니스업,25
업종별,제천,202601,쇼핑업,7
업종별,제천,202603,쇼핑업,34
업종별,제천,202603,식음료업,238
업종별,제천,202603,의료웰니스업,2
업종별,제천,202604,쇼핑업,17
업종별,제천,202604,식음료업,56
업종별,제천,202605,쇼핑업,86
업종별,제천,202605,식음료업,98
업종별,제천,202606,식음료업,68
국적별,제천,202406,중국,9
국적별,제천,202409,중국,65
국적별,제천,202410,중국,40
국적별,제천,202411,중국,72
국적별,제천,202412,중국,1148
국적별,제천,202501,중국,149
국적별,제천,202503,중국,95
국적별,제천,202504,중국,55
국적별,제천,202504,대만,4
국적별,제천,202505,중국,56
국적별,제천,202506,중국,13
국적별,제천,202508,중국,110
국적별,제천,202509,중국,1995
국적별,제천,202509,대만,16
국적별,제천,202510,중국,428
국적별,제천,202510,기타,15
국적별,제천,202511,중국,184
국적별,제천,202511,대만,5
국적별,제천,202601,대만,7
국적별,제천,202603,중국,274
국적별,제천,202604,중국,73
국적별,제천,202605,중국,184
국적별,제천,202606,중국,68
업종별,단양,202408,전체,52
업종별,단양,202409,전체,26
업종별,단양,202410,전체,3
업종별,단양,202412,전체,52
업종별,단양,202501,전체,205
업종별,단양,202502,전체,16
업종별,단양,202503,전체,23
업종별,단양,202504,전체,52
업종별,단양,202505,전체,10
업종별,단양,202508,전체,52
업종별,단양,202509,전체,21
업종별,단양,202510,전체,20
업종별,단양,202512,전체,131
업종별,단양,202601,전체,221
업종별,단양,202602,전체,100
업종별,단양,202604,전체,47
업종별,단양,202606,전체,91
업종별,단양,202607,전체,39
업종별,단양,202608,전체,24
업종별,단양,202408,식음료업,52
업종별,단양,202409,쇼핑업,12
업종별,단양,202409,식음료업,14
업종별,단양,202410,쇼핑업,3
업종별,단양,202412,쇼핑업,47
업종별,단양,202412,식음료업,5
업종별,단양,202501,쇼핑업,170
업종별,단양,202501,식음료업,35
업종별,단양,202502,쇼핑업,16
업종별,단양,202503,쇼핑업,22
업종별,단양,202503,식음료업,1
업종별,단양,202504,쇼핑업,27
업종별,단양,202504,식음료업,25
업종별,단양,202505,쇼핑업,10
업종별,단양,202508,쇼핑업,13
업종별,단양,202508,식음료업,39
업종별,단양,202509,쇼핑업,6
업종별,단양,202509,식음료업,15
업종별,단양,202510,쇼핑업,8
업종별,단양,202510,식음료업,12
업종별,단양,202512,쇼핑업,82
업종별,단양,202512,식음료업,49
업종별,단양,202601,쇼핑업,175
업종별,단양,202601,식음료업,46
업종별,단양,202602,쇼핑업,100
업종별,단양,202604,쇼핑업,47
업종별,단양,202606,쇼핑업,91
업종별,단양,202607,쇼핑업,39
업종별,단양,202608,쇼핑업,20
업종별,단양,202608,식음료업,4
국적별,단양,202408,중국,52
국적별,단양,202409,홍콩,26
국적별,단양,202410,기타,3
국적별,단양,202412,기타,47
국적별,단양,202412,홍콩,5
국적별,단양,202501,대만,205
국적별,단양,202502,대만,16
국적별,단양,202503,대만,23
국적별,단양,202504,대만,47
국적별,단양,202504,중국,5
국적별,단양,202505,기타,10
국적별,단양,202508,대만,40
국적별,단양,202508,홍콩,7
국적별,단양,202508,중국,5
국적별,단양,202509,중국,15
국적별,단양,202509,대만,6
국적별,단양,202510,대만,20
국적별,단양,202512,대만,127
국적별,단양,202512,홍콩,5
국적별,단양,202601,대만,175
국적별,단양,202601,홍콩,46
국적별,단양,202602,대만,100
국적별,단양,202604,대만,47
국적별,단양,202606,대만,91
국적별,단양,202607,대만,39
국적별,단양,202608,중국,20
국적별,단양,202608,대만,4