datalab_cd,sgis_cd,name,tw_visit_mavg,tw_card_mil,tw_card_per_visit,jp_visit_mavg,jp_card_mil,jp_card_per_visit,all_visit_mavg,all_card_mil
43111,33041,청주시 상당구,2620,320.6,20393,2014,208.8,17282,17117,1612.9
43112,33042,청주시 서원구,1179,49.8,7046,1256,45.8,6081,25453,1013.3
43113,33043,청주시 흥덕구,2823,496.6,29321,7248,1073.1,24675,53617,5772.8
43114,33044,청주시 청원구,8388,99.4,1975,8068,413.8,8549,48818,4772.4
43130,33020,충주시,238,18.7,13039,1704,127.2,12436,32460,2287.9
43150,33030,제천시,419,2.7,1091,520,22.3,7154,14847,1172.2
43720,33520,보은군,312,2.0,1040,386,7.6,3268,9772,139.4
43730,33530,옥천군,126,1.0,1305,394,6.9,2915,9932,137.6
43740,33540,영동군,102,0.2,371,289,9.7,5618,9649,132.1
43745,33590,증평군,82,0.6,1195,294,4.5,2534,4849,156.1
43750,33550,진천군,377,1.5,675,854,40.8,7965,29520,591.9
43760,33560,괴산군,83,0.9,1765,462,5.3,1929,20702,163.9
43770,33570,음성군,254,7.4,4828,1108,65.3,9823,47866,894.6
43800,33580,단양군,1183,17.7,2498,269,9.8,6076,7049,262.7
